date,quarter,department,day,team,targeted_productivity,smv,wip,over_time,incentive,idle_time,idle_men,no_of_style_change,no_of_workers,actual_productivity,date_num
2015-01-01,1,sewing,Thursday,8,0.8,26.16,1108.0,7080,98,0.0,0,0,59,0.940725424,1
2015-01-01,1,finishing,Thursday,1,0.75,3.94,0.0,960,0,0.0,0,0,8,0.8865,1
2015-01-01,1,sewing,Thursday,11,0.8,11.41,968.0,3660,50,0.0,0,0,30,0.800570492,1
2015-01-01,1,sewing,Thursday,12,0.8,11.41,968.0,3660,50,0.0,0,0,30,0.800570492,1
2015-01-01,1,sewing,Thursday,6,0.8,25.9,1170.0,1920,50,0.0,0,0,56,0.800381944,1
2015-01-01,1,sewing,Thursday,7,0.8,25.9,984.0,6720,38,0.0,0,0,56,0.800125,1
2015-01-01,1,finishing,Thursday,2,0.75,3.94,0.0,960,0,0.0,0,0,8,0.755166667,1
2015-01-01,1,sewing,Thursday,3,0.75,28.08,795.0,6900,45,0.0,0,0,57,0.753683478,1
2015-01-01,1,sewing,Thursday,2,0.75,19.87,733.0,6000,34,0.0,0,0,55,0.753097531,1
2015-01-01,1,sewing,Thursday,1,0.75,28.08,681.0,6900,45,0.0,0,0,57,0.750427826,1
2015-01-01,1,sewing,Thursday,9,0.7,28.08,872.0,6900,44,0.0,0,0,57,0.721126957,1
2015-01-01,1,sewing,Thursday,10,0.75,19.31,578.0,6480,45,0.0,0,0,54,0.712205247,1
2015-01-01,1,sewing,Thursday,5,0.8,11.41,668.0,3660,50,0.0,0,0,30,0.707045902,1
2015-01-01,1,finishing,Thursday,10,0.65,3.94,0.0,960,0,0.0,0,0,8,0.705916667,1
2015-01-01,1,finishing,Thursday,8,0.75,2.9,0.0,960,0,0.0,0,0,8,0.676666667,1
2015-01-01,1,finishing,Thursday,4,0.75,3.94,0.0,2160,0,0.0,0,0,18,0.593055556,1
2015-01-01,1,finishing,Thursday,7,0.8,2.9,0.0,960,0,0.0,0,0,8,0.540729167,1
2015-01-01,1,sewing,Thursday,4,0.65,23.69,861.0,7200,0,0.0,0,0,60,0.52118,1
2015-01-01,1,finishing,Thursday,11,0.7,4.15,0.0,1440,0,0.0,0,0,12,0.436326389,1
2015-01-03,1,finishing,Saturday,4,0.8,4.15,0.0,6600,0,0.0,0,0,20,0.988024691,3
2015-01-03,1,finishing,Saturday,11,0.75,2.9,0.0,5640,0,0.0,0,0,17,0.987880435,3
2015-01-03,1,finishing,Saturday,9,0.8,4.15,0.0,960,0,0.0,0,0,8,0.956270833,3
2015-01-03,1,finishing,Saturday,3,0.75,3.94,0.0,1560,0,0.0,0,0,8,0.945277778,3
2015-01-03,1,finishing,Saturday,1,0.8,3.94,0.0,960,0,0.0,0,0,8,0.902916667,3
2015-01-03,1,sewing,Saturday,1,0.8,28.08,772.0,6300,50,0.0,0,0,56,0.800725314,3
2015-01-03,1,sewing,Saturday,3,0.8,28.08,913.0,6540,50,0.0,0,0,54,0.800322936,3
2015-01-03,1,sewing,Saturday,8,0.8,26.16,1261.0,7080,50,0.0,0,0,59,0.800318644,3
2015-01-03,1,sewing,Saturday,12,0.8,26.16,844.0,7080,63,0.0,0,0,59,0.800318644,3
2015-01-03,1,sewing,Saturday,11,0.8,11.61,1005.0,7080,50,0.0,0,0,29,0.800237288,3
2015-01-03,1,sewing,Saturday,5,0.8,11.61,659.0,7080,50,0.0,0,0,31,0.800148649,3
2015-01-03,1,sewing,Saturday,6,0.8,25.9,1152.0,6720,50,0.0,0,0,56,0.800125,3
2015-01-03,1,sewing,Saturday,7,0.8,25.9,1138.0,6720,38,0.0,0,0,56,0.800125,3
2015-01-03,1,sewing,Saturday,10,0.75,19.31,610.0,6480,56,0.0,0,0,54,0.787299691,3
2015-01-03,1,finishing,Saturday,2,0.8,4.15,0.0,960,0,0.0,0,0,8,0.782447917,3
2015-01-03,1,sewing,Saturday,2,0.75,19.87,944.0,6600,45,0.0,0,0,55,0.75024303,3
2015-01-03,1,finishing,Saturday,10,0.7,4.15,0.0,960,0,0.0,0,0,8,0.7018125,3
2015-01-03,1,sewing,Saturday,4,0.7,23.69,544.0,13800,0,0.0,0,0,60,0.700134038,3
2015-01-03,1,sewing,Saturday,9,0.7,28.08,1072.0,6900,40,0.0,0,0,57,0.699965217,3
2015-01-03,1,finishing,Saturday,8,0.8,2.9,0.0,960,0,0.0,0,0,8,0.628333333,3
2015-01-03,1,finishing,Saturday,7,0.8,3.94,0.0,960,0,0.0,0,0,8,0.6253125,3
2015-01-04,1,finishing,Sunday,3,0.75,4.15,0.0,1560,0,0.0,0,0,8,0.991388889,4
2015-01-04,1,finishing,Sunday,9,0.8,3.94,0.0,960,0,0.0,0,0,8,0.931645833,4
2015-01-04,1,finishing,Sunday,1,0.8,3.94,0.0,960,0,0.0,0,0,8,0.915229167,4
2015-01-04,1,sewing,Sunday,6,0.8,11.61,539.0,6975,50,0.0,0,0,31,0.879714482,4
2015-01-04,1,finishing,Sunday,4,0.8,3.94,0.0,6600,0,0.0,0,0,20,0.861679012,4
2015-01-04,1,sewing,Sunday,9,0.8,26.16,1278.0,7080,60,0.0,0,0,59,0.850569492,4
2015-01-04,1,sewing,Sunday,7,0.8,25.9,1227.0,7020,60,0.0,0,0,56,0.850436438,4
2015-01-04,1,sewing,Sunday,8,0.8,25.9,1039.0,6780,45,0.0,0,0,56,0.850345133,4
2015-01-04,1,sewing,Sunday,4,0.8,28.08,878.0,4260,50,0.0,0,0,55,0.800598058,4
2015-01-04,1,sewing,Sunday,1,0.8,26.16,1033.0,7080,63,0.0,0,0,59,0.800318644,4
2015-01-04,1,sewing,Sunday,2,0.8,28.08,782.0,6660,50,0.0,0,0,55,0.800237838,4
2015-01-04,1,sewing,Sunday,12,0.8,11.61,1216.0,6975,50,0.0,0,0,31,0.800030199,4
2015-01-04,1,finishing,Sunday,2,0.8,3.94,0.0,960,0,0.0,0,0,8,0.792104167,4
2015-01-04,1,finishing,Sunday,10,0.7,3.94,0.0,4320,0,0.0,0,0,18,0.759228395,4
2015-01-04,1,sewing,Sunday,11,0.75,19.31,513.0,6480,45,0.0,0,0,54,0.750348457,4
2015-01-04,1,sewing,Sunday,3,0.75,19.87,734.0,6600,45,0.0,0,0,55,0.75024303,4
2015-01-04,1,sewing,Sunday,10,0.7,28.08,1202.0,6900,40,0.0,0,0,57,0.699965217,4
2015-01-04,1,finishing,Sunday,8,0.8,2.9,0.0,960,0,0.0,0,0,8,0.682708333,4
2015-01-04,1,finishing,Sunday,7,0.8,2.9,0.0,960,0,0.0,0,0,8,0.667604167,4
2015-01-04,1,sewing,Sunday,5,0.7,45.67,884.0,6960,26,0.0,0,0,58,0.603432184,4
2015-01-04,1,finishing,Sunday,11,0.75,4.15,0.0,960,0,0.0,0,0,8,0.345833333,4
2015-01-05,1,finishing,Monday,1,0.8,3.94,0.0,1920,0,0.0,0,0,8,0.961059028,5
2015-01-05,1,finishing,Monday,11,0.8,3.94,0.0,2400,0,0.0,0,0,10,0.939513889,5
2015-01-05,1,finishing,Monday,4,0.8,3.94,0.0,3840,0,0.0,0,0,16,0.893663194,5
2015-01-05,1,finishing,Monday,3,0.75,4.15,0.0,1920,0,0.0,0,0,8,0.875390625,5
2015-01-05,1,sewing,Monday,9,0.8,26.16,1227.0,7080,75,0.0,0,0,59,0.850569492,5
2015-01-05,1,finishing,Monday,9,0.8,2.9,0.0,1920,0,0.0,0,0,8,0.820833333,5
2015-01-05,1,finishing,Monday,2,0.8,3.94,0.0,960,0,0.0,0,0,8,0.804416667,5
2015-01-05,1,sewing,Monday,7,0.8,25.9,1255.0,6780,50,0.0,0,0,56,0.800684366,5
2015-01-05,1,sewing,Monday,8,0.8,25.9,1047.0,6780,38,0.0,0,0,56,0.800684366,5
2015-01-05,1,sewing,Monday,1,0.8,26.16,1138.0,7080,63,0.0,0,0,59,0.800318644,5
2015-01-05,1,sewing,Monday,11,0.8,19.31,678.0,4800,50,0.0,0,0,55,0.800250962,5
2015-01-05,1,sewing,Monday,6,0.8,11.61,712.0,7200,50,0.0,0,0,32,0.800246011,5
2015-01-05,1,sewing,Monday,12,0.8,11.61,1037.0,7200,50,0.0,0,0,32,0.800246011,5
2015-01-05,1,sewing,Monday,2,0.8,28.08,757.0,6900,50,0.0,0,0,57,0.800076522,5
2015-01-05,1,sewing,Monday,4,0.8,28.08,759.0,6900,50,0.0,0,0,57,0.800076522,5
2015-01-05,1,finishing,Monday,10,0.75,2.9,0.0,960,0,0.0,0,0,8,0.763375,5
2015-01-05,1,finishing,Monday,5,0.6,2.9,0.0,960,0,0.0,0,0,8,0.759270833,5
2015-01-05,1,sewing,Monday,10,0.75,28.08,1083.0,7020,45,0.0,0,0,58,0.7504,5
2015-01-05,1,sewing,Monday,3,0.75,19.87,944.0,6600,45,0.0,0,0,55,0.75024303,5
2015-01-05,1,finishing,Monday,7,0.8,3.94,0.0,960,0,0.0,0,0,8,0.676666667,5
2015-01-05,1,finishing,Monday,8,0.8,2.9,0.0,960,0,0.0,0,0,8,0.664583333,5
2015-01-05,1,sewing,Monday,5,0.6,21.98,666.0,6960,23,0.0,0,0,58,0.600028736,5
2015-01-06,1,finishing,Tuesday,4,0.8,3.94,0.0,4440,0,0.0,0,0,18,0.966781346,6
2015-01-06,1,finishing,Tuesday,1,0.8,3.94,0.0,1440,0,0.0,0,0,8,0.936496212,6
2015-01-06,1,finishing,Tuesday,3,0.75,4.15,0.0,1800,0,0.0,0,0,10,0.899166667,6
2015-01-06,1,finishing,Tuesday,11,0.8,4.15,0.0,2700,0,0.0,0,0,15,0.888686869,6
2015-01-06,1,finishing,Tuesday,9,0.8,3.94,0.0,1440,0,0.0,0,0,8,0.858143939,6
2015-01-06,1,sewing,Tuesday,1,0.8,26.16,1187.0,10620,75,0.0,0,0,59,0.850502311,6
2015-01-06,1,sewing,Tuesday,9,0.8,26.16,1305.0,10620,75,0.0,0,0,59,0.850502311,6
2015-01-06,1,finishing,Tuesday,10,0.75,3.94,0.0,1440,0,0.0,0,0,8,0.809640152,6
2015-01-06,1,finishing,Tuesday,2,0.8,3.94,0.0,1440,0,0.0,0,0,8,0.805909091,6
2015-01-06,1,sewing,Tuesday,2,0.8,28.08,716.0,10350,50,0.0,0,0,57,0.800594466,6
2015-01-06,1,sewing,Tuesday,4,0.8,28.08,925.0,10350,50,0.0,0,0,57,0.800594466,6
2015-01-06,1,sewing,Tuesday,3,0.8,19.87,963.0,9900,50,0.0,0,0,55,0.800273829,6
2015-01-06,1,sewing,Tuesday,12,0.8,11.61,1101.0,5310,50,0.0,0,0,31,0.800140969,6
2015-01-06,1,sewing,Tuesday,7,0.8,25.9,1035.0,10170,38,0.0,0,0,56,0.800128721,6
2015-01-06,1,sewing,Tuesday,8,0.8,25.9,1083.0,10170,38,0.0,0,0,56,0.800128721,6
2015-01-06,1,sewing,Tuesday,6,0.8,11.61,910.0,4470,38,0.0,0,0,31,0.80007657,6
2015-01-06,1,sewing,Tuesday,10,0.75,28.08,1209.0,10530,45,0.0,0,0,58,0.750545455,6
2015-01-06,1,sewing,Tuesday,11,0.75,19.31,590.0,9900,45,0.0,0,0,55,0.750057851,6
2015-01-06,1,finishing,Tuesday,8,0.8,2.9,0.0,1440,0,0.0,0,0,8,0.681060606,6
2015-01-06,1,sewing,Tuesday,5,0.65,21.98,808.0,10440,35,0.0,0,0,58,0.649983281,6
2015-01-06,1,finishing,Tuesday,7,0.8,2.9,0.0,1440,0,0.0,0,0,8,0.61625,6
2015-01-07,1,finishing,Wednesday,1,0.8,3.94,0.0,1440,0,0.0,0,0,8,0.951420455,7
2015-01-07,1,finishing,Wednesday,9,0.8,3.94,0.0,1440,0,0.0,0,0,8,0.880530303,7
2015-01-07,1,sewing,Wednesday,1,0.8,26.16,1179.0,10620,75,0.0,0,0,59,0.850502311,7
2015-01-07,1,sewing,Wednesday,9,0.8,26.16,1324.0,10620,75,0.0,0,0,59,0.850502311,7
2015-01-07,1,sewing,Wednesday,8,0.8,25.9,1135.0,10170,60,0.0,0,0,56,0.850136766,7
2015-01-07,1,finishing,Wednesday,3,0.75,4.15,0.0,2700,0,0.0,0,0,15,0.83,7
2015-01-07,1,finishing,Wednesday,4,0.8,3.94,0.0,4440,0,0.0,0,0,18,0.827186544,7
2015-01-07,1,finishing,Wednesday,2,0.8,3.94,0.0,1440,0,0.0,0,0,8,0.813371212,7
2015-01-07,1,finishing,Wednesday,10,0.75,3.94,0.0,1440,0,0.0,0,0,8,0.805909091,7
2015-01-07,1,finishing,Wednesday,7,0.8,2.9,0.0,1440,0,0.0,0,0,8,0.804640152,7
2015-01-07,1,sewing,Wednesday,2,0.8,28.08,776.0,10350,63,0.0,0,0,57,0.800594466,7
2015-01-07,1,sewing,Wednesday,4,0.8,28.08,990.0,10350,50,0.0,0,0,57,0.800594466,7
2015-01-07,1,sewing,Wednesday,6,0.8,11.41,986.0,5490,50,0.0,0,0,30,0.800343766,7
2015-01-07,1,sewing,Wednesday,3,0.8,19.87,924.0,9900,50,0.0,0,0,55,0.800273829,7
2015-01-07,1,sewing,Wednesday,12,0.8,11.61,1120.0,5670,50,0.0,0,0,31,0.800246753,7
2015-01-07,1,sewing,Wednesday,7,0.8,25.9,1066.0,10170,50,0.0,0,0,56,0.800128721,7
2015-01-07,1,sewing,Wednesday,10,0.75,28.08,1144.0,10530,69,0.0,0,0,58,0.8,7
2015-01-07,1,sewing,Wednesday,5,0.7,21.98,413.0,9720,40,0.0,0,0,58,0.700480831,7
2015-01-07,1,finishing,Wednesday,8,0.8,2.9,0.0,1440,0,0.0,0,0,8,0.681060606,7
2015-01-07,1,finishing,Wednesday,6,0.8,2.9,0.0,1800,0,0.0,0,0,10,0.666515152,7
2015-01-07,1,sewing,Wednesday,11,0.8,31.83,568.0,9900,40,0.0,0,0,55,0.412119835,7
2015-01-07,1,finishing,Wednesday,5,0.7,4.15,0.0,1440,0,0.0,0,0,8,0.330113636,7
2015-01-08,2,finishing,Thursday,1,0.8,3.94,0.0,1440,0,0.0,0,0,8,0.947689394,8
2015-01-08,2,finishing,Thursday,4,0.8,3.94,0.0,12600,0,0.0,0,0,20,0.919905405,8
2015-01-08,2,sewing,Thursday,9,0.8,26.16,1216.0,10620,88,0.0,0,0,59,0.900215716,8
2015-01-08,2,finishing,Thursday,9,0.8,3.94,0.0,1440,0,0.0,0,0,8,0.891723485,8
2015-01-08,2,sewing,Thursday,1,0.8,26.16,1189.0,10620,75,0.0,0,0,59,0.850502311,8
2015-01-08,2,sewing,Thursday,4,0.8,28.08,942.0,10530,75,0.0,0,0,58,0.850181818,8
2015-01-08,2,sewing,Thursday,7,0.8,25.9,1050.0,10170,60,0.0,0,0,56,0.850136766,8
2015-01-08,2,sewing,Thursday,8,0.8,25.9,1026.0,10170,60,0.0,0,0,56,0.850136766,8
2015-01-08,2,finishing,Thursday,2,0.8,3.94,0.0,1440,0,0.0,0,0,8,0.835757576,8
2015-01-08,2,finishing,Thursday,5,0.7,4.15,0.0,3840,0,0.0,0,0,8,0.821354167,8
2015-01-08,2,sewing,Thursday,2,0.8,28.08,783.0,10050,63,0.0,0,0,58,0.800497246,8
2015-01-08,2,sewing,Thursday,3,0.8,19.87,857.0,9900,50,0.0,0,0,55,0.800273829,8
2015-01-08,2,sewing,Thursday,12,0.8,11.61,548.0,15120,63,0.0,0,0,31,0.800107143,8
2015-01-08,2,sewing,Thursday,6,0.8,11.41,411.0,14640,50,0.0,0,0,30,0.800024932,8
2015-01-08,2,sewing,Thursday,10,0.75,28.08,1066.0,10530,69,0.0,0,0,58,0.8,8
2015-01-08,2,finishing,Thursday,10,0.75,3.94,0.0,1440,0,0.0,0,0,8,0.779791667,8
2015-01-08,2,finishing,Thursday,8,0.8,2.9,0.0,1440,0,0.0,0,0,8,0.735984848,8
2015-01-08,2,finishing,Thursday,3,0.75,4.15,0.0,2160,0,0.0,0,0,12,0.712626263,8
2015-01-08,2,finishing,Thursday,7,0.8,2.9,0.0,1440,0,0.0,0,0,8,0.681060606,8
2015-01-08,2,finishing,Thursday,11,0.8,4.15,0.0,900,0,0.0,0,0,5,0.515606061,8
2015-01-08,2,sewing,Thursday,11,0.35,12.52,287.0,25920,38,0.0,0,0,54,0.349951389,8
2015-01-08,2,sewing,Thursday,5,0.7,42.41,724.0,10260,0,0.0,0,0,57,0.233705476,8
2015-01-10,2,finishing,Saturday,1,0.8,3.94,0.0,2160,0,0.0,0,0,8,0.985,10
2015-01-10,2,finishing,Saturday,3,0.75,4.15,0.0,2760,0,0.0,0,0,12,0.930340376,10
2015-01-10,2,finishing,Saturday,4,0.8,3.94,0.0,6000,0,0.0,0,0,20,0.911589744,10
2015-01-10,2,finishing,Saturday,9,0.8,3.94,0.0,1440,0,0.0,0,0,8,0.858143939,10
2015-01-10,2,sewing,Saturday,9,0.8,26.16,1122.0,10620,75,0.0,0,0,59,0.851174114,10
2015-01-10,2,sewing,Saturday,7,0.8,25.9,970.0,10170,60,0.0,0,0,56,0.850136766,10
2015-01-10,2,sewing,Saturday,8,0.8,25.9,1158.0,10170,60,0.0,0,0,56,0.850136766,10
2015-01-10,2,finishing,Saturday,10,0.8,3.94,0.0,1440,0,0.0,0,0,8,0.846950758,10
2015-01-10,2,finishing,Saturday,11,0.8,4.15,0.0,1440,0,0.0,0,0,8,0.817424242,10
2015-01-10,2,finishing,Saturday,2,0.8,3.94,0.0,1440,0,0.0,0,0,8,0.817102273,10
2015-01-10,2,sewing,Saturday,4,0.8,28.08,660.0,10440,63,0.0,0,0,58,0.801028213,10
2015-01-10,2,sewing,Saturday,2,0.8,28.08,749.0,10350,63,0.0,0,0,57,0.800594466,10
2015-01-10,2,sewing,Saturday,12,0.8,11.61,893.0,4710,50,0.0,0,0,31,0.800346445,10
2015-01-10,2,sewing,Saturday,6,0.8,11.41,887.0,5490,50,0.0,0,0,30,0.800343766,10
2015-01-10,2,sewing,Saturday,1,0.8,26.16,1335.0,10620,63,0.0,0,0,59,0.800117103,10
2015-01-10,2,sewing,Saturday,10,0.8,28.08,1082.0,10530,63,0.0,0,0,58,0.8,10
2015-01-10,2,sewing,Saturday,3,0.75,19.87,1075.0,7080,45,0.0,0,0,56,0.750098351,10
2015-01-10,2,sewing,Saturday,11,0.5,12.52,749.0,9540,38,0.0,0,0,53,0.673245283,10
2015-01-10,2,finishing,Saturday,7,0.8,2.9,0.0,1440,0,0.0,0,0,8,0.670075758,10
2015-01-10,2,finishing,Saturday,8,0.8,2.9,0.0,1440,0,0.0,0,0,8,0.628882576,10
2015-01-10,2,sewing,Saturday,5,0.5,20.79,966.0,7680,0,0.0,0,0,56,0.388007813,10
2015-01-10,2,finishing,Saturday,5,0.5,4.15,0.0,1440,0,0.0,0,0,8,0.337973485,10
2015-01-11,2,finishing,Sunday,3,0.75,4.15,0.0,1440,0,0.0,0,0,8,0.93532197,11
2015-01-11,2,finishing,Sunday,4,0.8,3.94,0.0,3600,0,0.0,0,0,20,0.925643939,11
2015-01-11,2,sewing,Sunday,9,0.8,26.16,1095.0,10620,88,0.0,0,0,59,0.900215716,11
2015-01-11,2,finishing,Sunday,1,0.8,3.94,0.0,1440,0,0.0,0,0,8,0.873068182,11
2015-01-11,2,finishing,Sunday,9,0.8,3.94,0.0,1440,0,0.0,0,0,8,0.858143939,11
2015-01-11,2,sewing,Sunday,1,0.8,26.16,1383.0,10620,75,0.0,0,0,59,0.850502311,11
2015-01-11,2,sewing,Sunday,7,0.8,25.9,1012.0,10170,45,0.0,0,0,56,0.850136766,11
2015-01-11,2,sewing,Sunday,8,0.8,25.9,1209.0,10170,60,0.0,0,0,56,0.850136766,11
2015-01-11,2,finishing,Sunday,10,0.8,3.94,0.0,1440,0,0.0,0,0,8,0.828295455,11
2015-01-11,2,finishing,Sunday,2,0.8,3.94,0.0,1440,0,0.0,0,0,8,0.820833333,11
2015-01-11,2,sewing,Sunday,6,0.8,11.41,887.0,5490,50,0.0,0,0,30,0.800343766,11
2015-01-11,2,sewing,Sunday,12,0.8,11.61,896.0,5670,50,0.0,0,0,31,0.800246753,11
2015-01-11,2,sewing,Sunday,2,0.8,28.08,805.0,10530,63,0.0,0,0,58,0.8,11
2015-01-11,2,sewing,Sunday,10,0.8,28.08,762.0,10530,38,0.0,0,0,58,0.8,11
2015-01-11,2,sewing,Sunday,3,0.8,19.87,1043.0,6420,0,0.0,0,0,55,0.690182815,11
2015-01-11,2,finishing,Sunday,11,0.8,4.15,0.0,1440,0,0.0,0,0,8,0.668087121,11
2015-01-11,2,finishing,Sunday,8,0.8,2.9,0.0,1440,0,0.0,0,0,8,0.653598485,11
2015-01-11,2,finishing,Sunday,5,0.5,4.15,0.0,1440,0,0.0,0,0,8,0.609138258,11
2015-01-11,2,sewing,Sunday,11,0.6,12.52,831.0,9540,30,0.0,0,0,53,0.600229846,11
2015-01-11,2,finishing,Sunday,6,0.8,2.9,0.0,1440,0,0.0,0,0,8,0.597348485,11
2015-01-11,2,finishing,Sunday,7,0.8,2.9,0.0,1440,0,0.0,0,0,8,0.590435606,11
2015-01-11,2,sewing,Sunday,4,0.8,50.48,562.0,10440,0,0.0,0,0,58,0.473134796,11
2015-01-11,2,sewing,Sunday,5,0.6,20.79,1208.0,7980,0,0.0,0,0,57,0.452979626,11
2015-01-12,2,finishing,Monday,1,0.8,3.94,0.0,1440,0,0.0,0,0,8,0.955151515,12
2015-01-12,2,finishing,Monday,4,0.35,4.3,0.0,3240,0,0.0,0,0,18,0.942213805,12
2015-01-12,2,finishing,Monday,3,0.8,4.15,0.0,1800,0,0.0,0,0,10,0.905454545,12
2015-01-12,2,finishing,Monday,2,0.8,3.94,0.0,1440,0,0.0,0,0,8,0.880530303,12
2015-01-12,2,finishing,Monday,9,0.8,3.94,0.0,1440,0,0.0,0,0,8,0.858143939,12
2015-01-12,2,sewing,Monday,1,0.8,26.16,1099.0,8220,75,0.0,0,0,59,0.850522167,12
2015-01-12,2,sewing,Monday,9,0.8,26.16,1093.0,10620,75,0.0,0,0,59,0.850502311,12
2015-01-12,2,sewing,Monday,7,0.8,25.9,1031.0,10170,60,0.0,0,0,56,0.850136766,12
2015-01-12,2,sewing,Monday,8,0.8,25.9,1233.0,10170,60,0.0,0,0,56,0.850136766,12
2015-01-12,2,finishing,Monday,6,0.8,2.9,0.0,1440,0,0.0,0,0,8,0.817424242,12
2015-01-12,2,finishing,Monday,5,0.65,4.15,0.0,1440,0,0.0,0,0,8,0.809564394,12
2015-01-12,2,sewing,Monday,3,0.8,19.87,941.0,9900,0,0.0,0,0,55,0.800273829,12
2015-01-12,2,sewing,Monday,6,0.8,11.41,843.0,5670,50,0.0,0,0,31,0.800181818,12
2015-01-12,2,sewing,Monday,12,0.8,11.61,760.0,4470,50,0.0,0,0,31,0.80007657,12
2015-01-12,2,sewing,Monday,2,0.8,28.08,737.0,10530,63,0.0,0,0,58,0.8,12
2015-01-12,2,finishing,Monday,8,0.8,2.9,0.0,1440,0,0.0,0,0,8,0.725,12
2015-01-12,2,sewing,Monday,10,0.8,50.48,381.0,6930,45,0.0,0,0,58,0.688557555,12
2015-01-12,2,sewing,Monday,5,0.65,20.79,1141.0,8460,0,0.0,0,0,59,0.650040783,12
2015-01-12,2,sewing,Monday,11,0.65,12.52,1004.0,9540,44,0.0,0,0,53,0.64998056,12
2015-01-12,2,finishing,Monday,7,0.8,2.9,0.0,1440,0,0.0,0,0,8,0.648106061,12
2015-01-12,2,finishing,Monday,11,0.8,4.15,0.0,1440,0,0.0,0,0,8,0.640577652,12
2015-01-12,2,sewing,Monday,4,0.35,22.4,581.0,7350,0,0.0,0,0,51,0.35063299,12
2015-01-12,2,finishing,Monday,10,0.8,3.94,0.0,1440,0,0.0,0,0,8,0.24625,12
2015-01-13,2,finishing,Tuesday,4,0.35,4.3,0.0,2160,0,0.0,0,0,12,0.952020202,13
2015-01-13,2,finishing,Tuesday,1,0.8,3.94,0.0,1440,0,0.0,0,0,2,0.951420455,13
2015-01-13,2,finishing,Tuesday,10,0.8,3.94,0.0,5400,0,0.0,0,0,20,0.912766667,13
2015-01-13,2,finishing,Tuesday,3,0.8,4.15,0.0,1620,0,0.0,0,0,9,0.901262626,13
2015-01-13,2,finishing,Tuesday,9,0.8,3.94,0.0,1440,0,0.0,0,0,8,0.858143939,13
2015-01-13,2,sewing,Tuesday,1,0.8,26.16,1073.0,10620,75,0.0,0,0,59,0.850502311,13
2015-01-13,2,sewing,Tuesday,9,0.8,26.16,1156.0,10620,75,0.0,0,0,59,0.850502311,13
2015-01-13,2,sewing,Tuesday,8,0.8,25.9,1211.0,10260,60,0.0,0,0,57,0.850252525,13
2015-01-13,2,sewing,Tuesday,7,0.8,25.9,1126.0,10170,60,0.0,0,0,56,0.850136766,13
2015-01-13,2,finishing,Tuesday,5,0.65,4.15,0.0,1440,0,0.0,0,0,8,0.821354167,13
2015-01-13,2,finishing,Tuesday,2,0.8,3.94,0.0,1440,0,0.0,0,0,8,0.805909091,13
2015-01-13,2,sewing,Tuesday,6,0.8,11.61,1004.0,5670,50,0.0,0,0,31,0.800246753,13
2015-01-13,2,sewing,Tuesday,12,0.8,11.61,1063.0,5670,50,0.0,0,0,31,0.800246753,13
2015-01-13,2,sewing,Tuesday,2,0.8,28.08,723.0,10530,50,0.0,0,0,58,0.8,13
2015-01-13,2,sewing,Tuesday,3,0.8,42.27,465.0,9900,54,0.0,0,0,55,0.705576584,13
2015-01-13,2,finishing,Tuesday,8,0.8,2.9,0.0,1440,0,0.0,0,0,8,0.681060606,13
2015-01-13,2,finishing,Tuesday,7,0.8,2.9,0.0,1440,0,0.0,0,0,8,0.670075758,13
2015-01-13,2,finishing,Tuesday,11,0.8,4.15,0.0,1440,0,0.0,0,0,8,0.601278409,13
2015-01-13,2,sewing,Tuesday,11,0.7,27.13,530.0,9540,37,0.0,0,0,53,0.582301029,13
2015-01-13,2,sewing,Tuesday,5,0.7,20.79,1297.0,10440,0,0.0,0,0,58,0.526810345,13
2015-01-13,2,sewing,Tuesday,4,0.5,22.4,783.0,10170,23,0.0,0,0,56,0.500380799,13
2015-01-13,2,sewing,Tuesday,10,0.35,22.4,715.0,10170,23,0.0,0,0,56,0.35020649,13
2015-01-14,2,finishing,Wednesday,11,0.8,4.15,0.0,1980,0,0.0,0,0,7,0.934607438,14
2015-01-14,2,finishing,Wednesday,4,0.35,4.3,0.0,2700,0,0.0,0,0,8,0.908080808,14
2015-01-14,2,sewing,Wednesday,7,0.8,25.9,1150.0,10170,70,0.0,0,0,56,0.900144811,14
2015-01-14,2,finishing,Wednesday,1,0.8,3.94,0.0,1440,0,0.0,0,0,8,0.891723485,14
2015-01-14,2,finishing,Wednesday,5,0.65,4.15,0.0,1440,0,0.0,0,0,15,0.864583333,14
2015-01-14,2,finishing,Wednesday,9,0.8,3.94,0.0,1440,0,0.0,0,0,8,0.858143939,14
2015-01-14,2,sewing,Wednesday,9,0.8,26.16,1232.0,10620,75,0.0,0,0,59,0.850502311,14
2015-01-14,2,sewing,Wednesday,8,0.8,25.9,1218.0,10170,60,0.0,0,0,56,0.850136766,14
2015-01-14,2,finishing,Wednesday,7,0.8,2.9,0.0,1440,0,0.0,0,0,8,0.837594697,14
2015-01-14,2,finishing,Wednesday,3,0.8,4.15,0.0,1440,0,0.0,0,0,7,0.820833333,14
2015-01-14,2,sewing,Wednesday,12,0.8,11.61,1159.0,2970,50,0.0,0,0,31,0.800313433,14
2015-01-14,2,sewing,Wednesday,6,0.8,11.61,972.0,5670,38,0.0,0,0,31,0.800246753,14
2015-01-14,2,sewing,Wednesday,1,0.8,26.16,1092.0,10620,63,0.0,0,0,59,0.800117103,14
2015-01-14,2,sewing,Wednesday,5,0.7,20.79,965.0,7320,0,0.0,0,0,58,0.700095563,14
2015-01-14,2,finishing,Wednesday,8,0.8,2.9,0.0,1440,0,0.0,0,0,8,0.667329545,14
2015-01-14,2,sewing,Wednesday,4,0.6,22.4,816.0,5100,23,0.0,0,0,57,0.600369686,14
2015-01-14,2,sewing,Wednesday,10,0.5,22.4,947.0,3390,23,0.0,0,0,56,0.499980334,14
2015-01-14,2,sewing,Wednesday,11,0.35,14.61,838.0,7200,23,0.0,0,0,55,0.35003125,14
2015-01-14,2,finishing,Wednesday,10,0.8,3.94,0.0,1260,0,0.0,0,0,8,0.332359307,14
2015-01-14,2,sewing,Wednesday,2,0.8,51.02,1086.0,4260,27,0.0,0,0,57,0.311207464,14
2015-01-14,2,finishing,Wednesday,2,0.8,3.94,0.0,1260,0,0.0,0,0,8,0.247316017,14
2015-01-15,3,finishing,Thursday,4,0.35,4.3,0.0,3600,0,0.0,0,0,20,0.988636364,15
2015-01-15,3,finishing,Thursday,10,0.8,3.94,0.0,3420,0,0.0,0,0,19,0.953110048,15
2015-01-15,3,finishing,Thursday,1,0.8,3.94,0.0,1440,0,0.0,0,0,8,0.884261364,15
2015-01-15,3,finishing,Thursday,5,0.65,4.15,0.0,1440,0,0.0,0,0,8,0.860653409,15
2015-01-15,3,finishing,Thursday,9,0.8,3.94,0.0,1440,0,0.0,0,0,8,0.858143939,15
2015-01-15,3,sewing,Thursday,1,0.8,26.16,1160.0,10620,75,0.0,0,0,59,0.850502311,15
2015-01-15,3,sewing,Thursday,8,0.8,25.9,1177.0,8970,60,0.0,0,0,56,0.850415628,15
2015-01-15,3,sewing,Thursday,7,0.8,25.9,1281.0,10170,60,0.0,0,0,56,0.850136766,15
2015-01-15,3,sewing,Thursday,9,0.8,26.16,1369.0,10620,63,0.0,0,0,59,0.800117103,15
2015-01-15,3,sewing,Thursday,6,0.8,11.61,1084.0,4950,38,0.0,0,0,31,0.80003139,15
2015-01-15,3,sewing,Thursday,12,0.8,11.61,1216.0,4950,50,0.0,0,0,31,0.80003139,15
2015-01-15,3,sewing,Thursday,5,0.7,20.79,391.0,10440,0,0.0,0,0,58,0.700060345,15
2015-01-15,3,finishing,Thursday,7,0.8,2.9,0.0,1440,0,0.0,0,0,8,0.689299242,15
2015-01-15,3,sewing,Thursday,3,0.5,22.52,1102.0,10170,30,0.0,0,0,56,0.660683293,15
2015-01-15,3,sewing,Thursday,4,0.65,22.52,872.0,10080,26,0.0,0,0,56,0.650130952,15
2015-01-15,3,finishing,Thursday,8,0.8,2.9,0.0,1440,0,0.0,0,0,8,0.606912879,15
2015-01-15,3,sewing,Thursday,10,0.6,22.52,1076.0,10170,23,0.0,0,0,56,0.600291767,15
2015-01-15,3,sewing,Thursday,11,0.5,14.89,917.0,9900,30,0.0,0,0,55,0.500025069,15
2015-01-15,3,sewing,Thursday,2,0.5,22.94,1044.0,9810,23,0.0,0,0,54,0.499998888,15
2015-01-17,3,finishing,Saturday,5,0.65,4.15,0.0,2700,0,0.0,0,0,15,0.98719697,17
2015-01-17,3,finishing,Saturday,2,0.8,3.94,0.0,1800,0,0.0,0,0,10,0.980909091,17
2015-01-17,3,finishing,Saturday,10,0.8,3.94,0.0,1440,0,0.0,0,0,8,0.974621212,17
2015-01-17,3,finishing,Saturday,1,0.8,3.94,0.0,1440,0,0.0,0,0,8,0.884261364,17
2015-01-17,3,finishing,Saturday,9,0.8,3.94,0.0,1800,0,0.0,0,0,10,0.82680303,17
2015-01-17,3,sewing,Saturday,6,0.8,11.41,1067.0,5490,63,0.0,0,0,30,0.800343766,17
2015-01-17,3,sewing,Saturday,12,0.8,11.61,1039.0,5670,63,0.0,0,0,31,0.800246753,17
2015-01-17,3,sewing,Saturday,7,0.8,25.9,1396.0,10170,50,0.0,0,0,56,0.800128721,17
2015-01-17,3,sewing,Saturday,8,0.8,25.9,1292.0,10170,50,0.0,0,0,56,0.800128721,17
2015-01-17,3,sewing,Saturday,1,0.8,48.68,171.0,10620,63,0.0,0,0,59,0.800117103,17
2015-01-17,3,sewing,Saturday,9,0.8,26.16,1128.0,10620,63,0.0,0,0,59,0.800117103,17
2015-01-17,3,sewing,Saturday,2,0.6,22.94,865.0,6570,23,0.0,0,0,56,0.77011398,17
2015-01-17,3,sewing,Saturday,4,0.7,22.52,825.0,10170,50,0.0,0,0,56,0.7005417,17
2015-01-17,3,finishing,Saturday,8,0.8,2.9,0.0,1440,0,0.0,0,0,8,0.675568182,17
2015-01-17,3,finishing,Saturday,7,0.8,2.9,0.0,1440,0,0.0,0,0,8,0.661837121,17
2015-01-17,3,sewing,Saturday,10,0.65,22.52,1163.0,9720,35,0.0,0,0,54,0.650198653,17
2015-01-17,3,sewing,Saturday,3,0.6,22.52,1140.0,10170,30,0.0,0,0,56,0.600291767,17
2015-01-17,3,sewing,Saturday,11,0.6,14.89,1027.0,10080,38,0.0,0,0,56,0.600273268,17
2015-01-17,3,finishing,Saturday,6,0.8,2.9,0.0,900,0,0.0,0,0,5,0.465757576,17
2015-01-17,3,sewing,Saturday,5,0.7,41.19,1052.0,10440,21,0.0,0,0,58,0.452012539,17
2015-01-17,3,finishing,Saturday,11,0.8,4.15,0.0,1260,0,0.0,0,0,7,0.313852814,17
2015-01-18,3,finishing,Sunday,5,0.6,4.15,0.0,1440,0,0.0,0,0,8,0.852793561,18
2015-01-18,3,finishing,Sunday,11,0.65,4.15,0.0,2160,0,0.0,0,0,12,0.838383838,18
2015-01-18,3,finishing,Sunday,6,0.8,2.9,0.0,1800,0,0.0,0,0,10,0.804848485,18
2015-01-18,3,sewing,Sunday,6,0.8,11.41,1140.0,5490,63,0.0,0,0,30,0.800343766,18
2015-01-18,3,sewing,Sunday,7,0.8,48.84,624.0,10170,50,0.0,0,0,56,0.800128721,18
2015-01-18,3,sewing,Sunday,8,0.8,25.9,1288.0,10170,38,0.0,0,0,56,0.800128721,18
2015-01-18,3,sewing,Sunday,9,0.8,26.16,1381.0,3660,50,0.0,0,0,59,0.800015009,18
2015-01-18,3,sewing,Sunday,4,0.7,22.52,882.0,10170,50,0.0,0,0,56,0.7005417,18
2015-01-18,3,sewing,Sunday,10,0.7,22.52,1002.0,10080,40,0.0,0,0,56,0.700094156,18
2015-01-18,3,finishing,Sunday,7,0.8,2.9,0.0,1440,0,0.0,0,0,8,0.692045455,18
2015-01-18,3,sewing,Sunday,12,0.8,26.87,585.0,5670,56,0.0,0,0,31,0.662255892,18
2015-01-18,3,sewing,Sunday,3,0.65,22.52,1138.0,10170,35,0.0,0,0,56,0.650416734,18
2015-01-18,3,sewing,Sunday,11,0.65,14.89,1140.0,10260,44,0.0,0,0,57,0.650299575,18
2015-01-18,3,sewing,Sunday,2,0.65,22.94,1025.0,10170,26,0.0,0,0,56,0.650243497,18
2015-01-18,3,finishing,Sunday,8,0.8,2.9,0.0,1440,0,0.0,0,0,8,0.639867424,18
2015-01-18,3,sewing,Sunday,5,0.6,20.4,1031.0,10440,30,0.0,0,0,58,0.600062696,18
2015-01-18,3,finishing,Sunday,9,0.8,3.94,0.0,1800,0,0.0,0,0,10,0.582045455,18
2015-01-18,3,sewing,Sunday,1,0.8,49.1,1381.0,10350,24,0.0,0,0,57,0.403242161,18
2015-01-18,3,finishing,Sunday,10,0.7,3.94,0.0,1440,0,0.0,0,0,8,0.235795455,18
2015-01-19,3,finishing,Monday,4,0.7,4.3,0.0,5040,0,0.0,0,0,28,0.977272727,19
2015-01-19,3,finishing,Monday,9,0.8,3.94,0.0,1800,0,0.0,0,0,10,0.964106061,19
2015-01-19,3,finishing,Monday,5,0.65,4.15,0.0,1440,0,0.0,0,0,8,0.958901515,19
2015-01-19,3,sewing,Monday,6,0.8,11.41,1028.0,4380,50,0.0,0,0,31,0.800358775,19
2015-01-19,3,sewing,Monday,8,0.8,25.9,1380.0,3630,50,0.0,0,0,56,0.800162602,19
2015-01-19,3,sewing,Monday,9,0.8,26.16,1196.0,10620,63,0.0,0,0,59,0.800117103,19
2015-01-19,3,finishing,Monday,12,0.8,2.9,0.0,1440,0,0.0,0,0,8,0.793844697,19
2015-01-19,3,sewing,Monday,2,0.7,22.94,1006.0,10170,38,0.0,0,0,56,0.750517565,19
2015-01-19,3,sewing,Monday,4,0.7,22.52,930.0,10260,63,0.0,0,0,57,0.750068049,19
2015-01-19,3,sewing,Monday,3,0.7,22.52,1095.0,10170,50,0.0,0,0,56,0.750062751,19
2015-01-19,3,sewing,Monday,10,0.7,22.52,938.0,10080,63,0.0,0,0,56,0.750057359,19
2015-01-19,3,sewing,Monday,11,0.7,14.89,1484.0,10260,50,0.0,0,0,57,0.700170388,19
2015-01-19,3,finishing,Monday,8,0.8,2.9,0.0,1440,0,0.0,0,0,8,0.683806818,19
2015-01-19,3,sewing,Monday,5,0.65,20.4,1255.0,8280,35,0.0,0,0,58,0.650066445,19
2015-01-19,3,sewing,Monday,7,0.8,48.84,1040.0,10260,30,0.0,0,0,57,0.576460393,19
2015-01-19,3,sewing,Monday,1,0.5,22.94,1492.0,10170,30,0.0,0,0,56,0.549969429,19
2015-01-19,3,finishing,Monday,10,0.7,3.94,0.0,1440,0,0.0,0,0,8,0.538399621,19
2015-01-19,3,finishing,Monday,11,0.7,4.15,0.0,1440,0,0.0,0,0,8,0.409545455,19
2015-01-19,3,sewing,Monday,12,0.35,15.26,1111.0,6120,23,0.0,0,0,34,0.35021836,19
2015-01-20,3,finishing,Tuesday,5,0.7,4.15,0.0,1440,0,0.0,0,0,8,1.0,20
2015-01-20,3,sewing,Tuesday,6,0.8,11.41,1047.0,5580,63,0.0,0,0,31,0.800261486,20
2015-01-20,3,sewing,Tuesday,8,0.8,25.9,1434.0,10170,50,0.0,0,0,56,0.800128721,20
2015-01-20,3,sewing,Tuesday,9,0.8,26.16,399.0,10620,63,0.0,0,0,59,0.800117103,20
2015-01-20,3,sewing,Tuesday,4,0.7,22.52,983.0,10260,63,0.0,0,0,57,0.750068049,20
2015-01-20,3,sewing,Tuesday,10,0.7,22.52,1108.0,10080,63,0.0,0,0,56,0.750057359,20
2015-01-20,3,sewing,Tuesday,3,0.7,22.52,1134.0,8460,50,0.0,0,0,57,0.750037968,20
2015-01-20,3,sewing,Tuesday,2,0.7,22.94,1363.0,10260,50,0.0,0,0,57,0.750031898,20
2015-01-20,3,finishing,Tuesday,9,0.8,3.94,0.0,1800,0,0.0,0,0,10,0.72830303,20
2015-01-20,3,sewing,Tuesday,11,0.7,14.89,1501.0,10260,50,0.0,0,0,57,0.700170388,20
2015-01-20,3,sewing,Tuesday,5,0.7,20.4,1352.0,10260,50,0.0,0,0,57,0.700063796,20
2015-01-20,3,finishing,Tuesday,8,0.8,2.9,0.0,1440,0,0.0,0,0,8,0.639867424,20
2015-01-20,3,sewing,Tuesday,12,0.5,15.26,1352.0,3720,23,0.0,0,0,34,0.500290419,20
2015-01-20,3,sewing,Tuesday,7,0.35,22.94,1450.0,10080,30,0.0,0,0,56,0.400332792,20
2015-01-20,3,finishing,Tuesday,11,0.7,4.15,0.0,2700,0,0.0,0,0,15,0.362666667,20
2015-01-21,3,finishing,Wednesday,4,0.75,4.3,0.0,6000,0,0.0,0,0,20,0.978525641,21
2015-01-21,3,finishing,Wednesday,2,0.7,3.94,0.0,5100,0,0.0,0,0,17,0.912202112,21
2015-01-21,3,sewing,Wednesday,4,0.75,22.52,825.0,10080,94,0.0,0,0,56,0.900556277,21
2015-01-21,3,sewing,Wednesday,6,0.8,11.61,916.0,5760,75,0.0,0,0,89,0.850410511,21
2015-01-21,3,finishing,Wednesday,9,0.8,3.94,0.0,2400,0,0.0,0,0,8,0.827147436,21
2015-01-21,3,sewing,Wednesday,8,0.8,25.9,562.0,7470,38,0.0,0,0,56,0.800436542,21
2015-01-21,3,sewing,Wednesday,2,0.7,22.94,1422.0,10500,60,0.0,0,0,57,0.800415742,21
2015-01-21,3,sewing,Wednesday,10,0.7,22.52,1206.0,10080,75,0.0,0,0,56,0.800020563,21
2015-01-21,3,finishing,Wednesday,5,0.7,4.15,0.0,2400,0,0.0,0,0,8,0.758173077,21
2015-01-21,3,sewing,Wednesday,5,0.7,20.4,1404.0,10440,50,0.0,0,0,58,0.750344828,21
2015-01-21,3,sewing,Wednesday,3,0.7,22.52,1139.0,10260,63,0.0,0,0,57,0.750068049,21
2015-01-21,3,sewing,Wednesday,11,0.7,14.89,1735.0,10260,50,0.0,0,0,57,0.700170388,21
2015-01-21,3,sewing,Wednesday,1,0.65,22.94,1595.0,10260,34,0.0,0,0,57,0.700029771,21
2015-01-21,3,sewing,Wednesday,12,0.6,15.26,1245.0,6360,23,0.0,0,0,34,0.60017284,21
2015-01-21,3,finishing,Wednesday,8,0.8,2.9,0.0,2400,0,0.0,0,0,8,0.594871795,21
2015-01-21,3,sewing,Wednesday,9,0.8,54.56,757.0,4140,29,0.0,0,0,58,0.520237649,21
2015-01-21,3,finishing,Wednesday,1,0.65,3.94,0.0,2400,0,0.0,0,0,8,0.505128205,21
2015-01-21,3,sewing,Wednesday,7,0.5,22.52,1720.0,10080,23,0.0,0,0,56,0.500241342,21
2015-01-21,3,finishing,Wednesday,11,0.7,4.15,0.0,2700,0,0.0,0,0,9,0.470769231,21
2015-01-22,4,finishing,Thursday,7,0.6,3.94,0.0,6000,0,0.0,0,0,10,0.957638889,22
2015-01-22,4,finishing,Thursday,10,0.75,3.94,0.0,8400,0,0.0,0,0,14,0.940701058,22
2015-01-22,4,sewing,Thursday,4,0.75,22.52,759.0,10080,81,0.0,0,0,56,0.849983766,22
2015-01-22,4,sewing,Thursday,2,0.7,22.94,1510.0,10620,60,0.0,0,0,57,0.800302791,22
2015-01-22,4,sewing,Thursday,6,0.8,11.61,955.0,6360,63,0.0,0,0,32,0.800191989,22
2015-01-22,4,sewing,Thursday,10,0.75,22.52,1328.0,10080,55,0.0,0,0,56,0.800020563,22
2015-01-22,4,sewing,Thursday,1,0.7,22.94,1384.0,12180,63,0.0,0,0,57,0.750162367,22
2015-01-22,4,sewing,Thursday,3,0.7,22.52,1244.0,10260,63,0.0,0,0,57,0.750068049,22
2015-01-22,4,finishing,Thursday,5,0.7,4.15,0.0,9000,0,0.0,0,0,15,0.742901235,22
2015-01-22,4,sewing,Thursday,5,0.7,20.4,1480.0,10440,40,0.0,0,0,58,0.700250784,22
2015-01-22,4,sewing,Thursday,11,0.7,14.89,1863.0,10260,50,0.0,0,0,57,0.700170388,22
2015-01-22,4,finishing,Thursday,4,0.75,4.3,0.0,9000,0,0.0,0,0,15,0.670216049,22
2015-01-22,4,finishing,Thursday,1,0.7,3.94,0.0,15000,0,0.0,0,0,25,0.649662222,22
2015-01-22,4,finishing,Thursday,2,0.7,3.94,0.0,15000,0,0.0,0,0,25,0.649662222,22
2015-01-22,4,finishing,Thursday,6,0.8,2.9,0.0,4800,0,0.0,0,0,8,0.626822917,22
2015-01-22,4,sewing,Thursday,12,0.6,15.26,1492.0,6960,23,0.0,0,0,34,0.600436426,22
2015-01-22,4,sewing,Thursday,7,0.6,22.52,1859.0,10260,23,0.0,0,0,57,0.60041361,22
2015-01-22,4,sewing,Thursday,8,0.8,40.99,980.0,10770,30,0.0,0,0,56,0.555500132,22
2015-01-22,4,sewing,Thursday,9,0.5,29.12,970.0,10440,30,0.0,0,0,58,0.500547544,22
2015-01-22,4,finishing,Thursday,3,0.7,3.94,0.0,12000,0,0.0,0,0,20,0.460578704,22
2015-01-22,4,finishing,Thursday,8,0.8,2.9,0.0,4800,0,0.0,0,0,8,0.397743056,22
2015-01-22,4,finishing,Thursday,12,0.6,4.08,0.0,5400,0,0.0,0,0,9,0.327407407,22
2015-01-24,4,finishing,Saturday,5,0.7,4.15,0.0,2700,0,0.0,0,0,15,0.966666667,24
2015-01-24,4,finishing,Saturday,10,0.75,3.94,0.0,1800,0,0.0,0,0,10,0.937242424,24
2015-01-24,4,finishing,Saturday,8,0.8,2.9,0.0,1620,0,0.0,0,0,9,0.910521886,24
2015-01-24,4,sewing,Saturday,2,0.75,22.94,1606.0,10260,94,0.0,0,0,57,0.90064806,24
2015-01-24,4,sewing,Saturday,4,0.75,22.52,727.0,10260,94,0.0,0,0,57,0.900321106,24
2015-01-24,4,finishing,Saturday,11,0.75,4.15,0.0,1800,0,0.0,0,0,10,0.896022727,24
2015-01-24,4,finishing,Saturday,3,0.75,3.94,0.0,1440,0,0.0,0,0,8,0.895454545,24
2015-01-24,4,finishing,Saturday,7,0.65,3.94,0.0,2160,0,0.0,0,0,12,0.870580808,24
2015-01-24,4,finishing,Saturday,12,0.7,4.08,0.0,1620,0,0.0,0,0,9,0.858585859,24
2015-01-24,4,sewing,Saturday,1,0.7,22.94,1472.0,10260,75,0.0,0,0,57,0.800643806,24
2015-01-24,4,sewing,Saturday,10,0.75,22.52,1332.0,10080,69,0.0,0,0,56,0.80062987,24
2015-01-24,4,sewing,Saturday,6,0.8,11.61,1009.0,5640,63,0.0,0,0,32,0.800537143,24
2015-01-24,4,sewing,Saturday,3,0.75,22.52,1266.0,10260,69,0.0,0,0,57,0.80035194,24
2015-01-24,4,sewing,Saturday,12,0.75,15.26,1316.0,6120,40,0.0,0,0,34,0.750079323,24
2015-01-24,4,sewing,Saturday,11,0.75,42.97,1282.0,10260,56,0.0,0,0,57,0.750041201,24
2015-01-24,4,sewing,Saturday,5,0.7,20.4,1382.0,10440,50,0.0,0,0,58,0.700250784,24
2015-01-24,4,finishing,Saturday,4,0.75,4.3,0.0,2160,0,0.0,0,0,12,0.651515152,24
2015-01-24,4,sewing,Saturday,7,0.65,22.52,1295.0,10170,26,0.0,0,0,56,0.650416734,24
2015-01-24,4,sewing,Saturday,9,0.6,29.12,925.0,6660,23,0.0,0,0,58,0.600125217,24
2015-01-24,4,finishing,Saturday,2,0.75,3.94,0.0,1440,0,0.0,0,0,8,0.578314394,24
2015-01-24,4,finishing,Saturday,1,0.7,3.94,0.0,1440,0,0.0,0,0,8,0.578314394,24
2015-01-24,4,sewing,Saturday,8,0.35,15.09,1448.0,9360,23,0.0,0,0,52,0.34998951,24
2015-01-24,4,finishing,Saturday,9,0.6,3.94,0.0,1440,0,0.0,0,0,8,0.261174242,24
2015-01-25,4,finishing,Sunday,5,0.7,4.15,0.0,3060,0,0.0,0,0,17,0.973796791,25
2015-01-25,4,finishing,Sunday,2,0.75,3.94,0.0,1440,0,0.0,0,0,8,0.970075758,25
2015-01-25,4,finishing,Sunday,1,0.7,3.94,0.0,1440,0,0.0,0,0,8,0.970075758,25
2015-01-25,4,finishing,Sunday,3,0.75,3.94,0.0,1620,0,0.0,0,0,9,0.961784512,25
2015-01-25,4,finishing,Sunday,10,0.75,3.94,0.0,3420,0,0.0,0,0,19,0.955151515,25
2015-01-25,4,finishing,Sunday,4,0.75,4.3,0.0,2160,0,0.0,0,0,12,0.952020202,25
2015-01-25,4,sewing,Sunday,4,0.75,22.52,867.0,10260,94,0.0,0,0,57,0.900321106,25
2015-01-25,4,sewing,Sunday,2,0.75,22.94,1636.0,10530,81,0.0,0,0,58,0.850223776,25
2015-01-25,4,sewing,Sunday,1,0.7,22.94,1682.0,10530,75,0.0,0,0,58,0.800909609,25
2015-01-25,4,sewing,Sunday,3,0.75,22.52,1495.0,10350,55,0.0,0,0,57,0.800513307,25
2015-01-25,4,sewing,Sunday,6,0.8,11.61,1181.0,5760,63,0.0,0,0,32,0.800386364,25
2015-01-25,4,sewing,Sunday,10,0.75,22.52,1413.0,10080,69,0.0,0,0,56,0.800020563,25
2015-01-25,4,finishing,Sunday,7,0.65,3.94,0.0,2520,0,0.0,0,0,14,0.749188312,25
2015-01-25,4,sewing,Sunday,7,0.7,22.52,360.0,10170,40,0.0,0,0,56,0.7005417,25
2015-01-25,4,sewing,Sunday,12,0.7,15.26,1296.0,6120,40,0.0,0,0,34,0.70043672,25
2015-01-25,4,sewing,Sunday,5,0.7,20.4,1217.0,10440,50,0.0,0,0,58,0.700250784,25
2015-01-25,4,sewing,Sunday,9,0.65,29.12,1086.0,10440,26,0.0,0,0,58,0.650407524,25
2015-01-25,4,finishing,Sunday,12,0.7,4.08,0.0,1620,0,0.0,0,0,9,0.618181818,25
2015-01-25,4,sewing,Sunday,11,0.75,42.97,532.0,10260,40,0.0,0,0,57,0.59114168,25
2015-01-25,4,sewing,Sunday,8,0.5,15.09,1557.0,720,23,0.0,0,0,52,0.500061916,25
2015-01-25,4,finishing,Sunday,8,0.8,2.9,0.0,720,0,0.0,0,0,4,0.329545455,25
2015-01-26,4,finishing,Monday,3,0.75,3.94,0.0,1800,0,0.0,0,0,10,1.0,26
2015-01-26,4,finishing,Monday,10,0.75,3.94,0.0,3780,0,0.0,0,0,21,0.997792208,26
2015-01-26,4,finishing,Monday,4,0.75,4.3,0.0,2160,0,0.0,0,0,12,0.963699495,26
2015-01-26,4,finishing,Monday,5,0.7,4.15,0.0,2700,0,0.0,0,0,15,0.959191919,26
2015-01-26,4,finishing,Monday,2,0.75,3.94,0.0,1800,0,0.0,0,0,10,0.910378788,26
2015-01-26,4,finishing,Monday,1,0.7,3.94,0.0,1800,0,0.0,0,0,10,0.910378788,26
2015-01-26,4,sewing,Monday,4,0.8,22.52,1016.0,10170,60,0.0,0,0,56,0.850312684,26
2015-01-26,4,sewing,Monday,6,0.8,11.61,1072.0,5760,50,0.0,0,0,32,0.800386364,26
2015-01-26,4,sewing,Monday,3,0.75,22.52,1584.0,10260,69,0.0,0,0,57,0.80035194,26
2015-01-26,4,sewing,Monday,2,0.75,22.94,1764.0,10260,55,0.0,0,0,57,0.800034024,26
2015-01-26,4,sewing,Monday,1,0.7,22.94,1745.0,10440,60,0.0,0,0,58,0.800023511,26
2015-01-26,4,sewing,Monday,10,0.75,22.52,1250.0,10080,55,0.0,0,0,56,0.800020563,26
2015-01-26,4,finishing,Monday,12,0.7,4.08,0.0,1620,0,0.0,0,0,9,0.769292929,26
2015-01-26,4,sewing,Monday,5,0.75,20.4,1118.0,10320,56,0.0,0,0,58,0.750031447,26
2015-01-26,4,sewing,Monday,9,0.7,29.12,1143.0,10440,40,0.0,0,0,58,0.70061442,26
2015-01-26,4,sewing,Monday,12,0.7,15.26,1337.0,6120,40,0.0,0,0,34,0.70043672,26
2015-01-26,4,finishing,Monday,7,0.65,3.94,0.0,1440,0,0.0,0,0,8,0.646306818,26
2015-01-26,4,sewing,Monday,8,0.6,15.09,1519.0,360,23,0.0,0,0,52,0.600143365,26
2015-01-26,4,sewing,Monday,11,0.35,28.08,749.0,10260,23,0.0,0,0,57,0.350066986,26
2015-01-27,4,sewing,Tuesday,2,0.75,22.52,1635.0,6840,119,0.0,0,0,57,1.0,27
2015-01-27,4,sewing,Tuesday,3,0.75,22.52,1299.0,6840,119,0.0,0,0,57,1.0,27
2015-01-27,4,finishing,Tuesday,10,0.8,3.94,0.0,1440,0,0.0,0,0,12,0.979527778,27
2015-01-27,4,finishing,Tuesday,4,0.8,4.3,0.0,1440,0,0.0,0,0,12,0.940625,27
2015-01-27,4,finishing,Tuesday,5,0.5,4.15,0.0,1440,0,0.0,0,0,12,0.926388889,27
2015-01-27,4,sewing,Tuesday,10,0.8,22.52,1134.0,6720,70,0.0,0,0,56,0.900129762,27
2015-01-27,4,finishing,Tuesday,3,0.75,3.94,0.0,1440,0,0.0,0,0,12,0.861875,27
2015-01-27,4,sewing,Tuesday,4,0.8,22.52,1106.0,6780,60,0.0,0,0,56,0.850312684,27
2015-01-27,4,finishing,Tuesday,8,0.65,3.94,0.0,960,0,0.0,0,0,8,0.845458333,27
2015-01-27,4,finishing,Tuesday,12,0.7,4.15,0.0,1080,0,0.0,0,0,9,0.823555556,27
2015-01-27,4,finishing,Tuesday,7,0.5,4.15,0.0,960,0,0.0,0,0,8,0.803541667,27
2015-01-27,4,sewing,Tuesday,1,0.75,22.94,1871.0,6960,55,0.0,0,0,58,0.800263218,27
2015-01-27,4,finishing,Tuesday,2,0.75,3.94,0.0,1200,0,0.0,0,0,10,0.788,27
2015-01-27,4,finishing,Tuesday,1,0.75,3.94,0.0,1200,0,0.0,0,0,10,0.77815,27
2015-01-27,4,sewing,Tuesday,9,0.7,29.12,1294.0,6960,50,0.0,0,0,58,0.700386207,27
2015-01-27,4,sewing,Tuesday,12,0.7,15.26,1462.0,4080,40,0.0,0,0,34,0.700164706,27
2015-01-27,4,sewing,Tuesday,8,0.65,15.09,976.0,240,23,0.0,0,0,52,0.650307143,27
2015-01-27,4,sewing,Tuesday,6,0.8,30.4,338.0,3840,34,0.0,0,0,32,0.622828125,27
2015-01-27,4,finishing,Tuesday,6,0.8,2.9,0.0,960,0,0.0,0,0,8,0.6225,27
2015-01-27,4,sewing,Tuesday,5,0.5,20.79,1455.0,6960,30,0.0,0,0,58,0.500035345,27
2015-01-27,4,sewing,Tuesday,11,0.5,48.18,1282.0,6480,23,0.0,0,0,54,0.37046657,27
2015-01-28,4,sewing,Wednesday,2,0.8,22.52,1559.0,6840,90,0.0,0,0,57,1.0,28
2015-01-28,4,sewing,Wednesday,3,0.8,22.52,1350.0,6840,113,0.0,0,0,57,1.0,28
2015-01-28,4,finishing,Wednesday,6,0.35,2.9,0.0,1800,0,0.0,0,0,15,0.977555556,28
2015-01-28,4,finishing,Wednesday,1,0.75,3.94,0.0,1200,0,0.0,0,0,10,0.9456,28
2015-01-28,4,finishing,Wednesday,2,0.8,3.94,0.0,1800,0,0.0,0,0,15,0.902222222,28
2015-01-28,4,sewing,Wednesday,10,0.8,22.52,1175.0,6720,60,0.0,0,0,56,0.850532143,28
2015-01-28,4,sewing,Wednesday,1,0.75,22.94,1868.0,6960,81,0.0,0,0,58,0.850362069,28
2015-01-28,4,finishing,Wednesday,10,0.8,3.94,0.0,1200,0,0.0,0,0,10,0.840533333,28
2015-01-28,4,sewing,Wednesday,5,0.6,20.79,1045.0,6960,88,0.0,0,0,58,0.800534483,28
2015-01-28,4,sewing,Wednesday,4,0.8,22.52,1342.0,6780,50,0.0,0,0,56,0.800489676,28
2015-01-28,4,finishing,Wednesday,12,0.75,4.08,0.0,1080,0,0.0,0,0,9,0.755555556,28
2015-01-28,4,sewing,Wednesday,9,0.7,29.12,1340.0,6960,63,0.0,0,0,58,0.750593103,28
2015-01-28,4,sewing,Wednesday,12,0.75,15.26,1429.0,3600,45,0.0,0,0,35,0.750283333,28
2015-01-28,4,finishing,Wednesday,4,0.8,4.3,0.0,1440,0,0.0,0,0,12,0.722638889,28
2015-01-28,4,finishing,Wednesday,8,0.65,4.15,0.0,960,0,0.0,0,0,8,0.553333333,28
2015-01-28,4,sewing,Wednesday,11,0.5,20.1,1413.0,5880,46,0.0,0,0,54,0.500567308,28
2015-01-28,4,sewing,Wednesday,8,0.7,38.09,336.0,6240,0,0.0,0,0,52,0.467693269,28
2015-01-28,4,sewing,Wednesday,6,0.35,18.79,511.0,1800,23,0.0,0,0,32,0.437995338,28
2015-01-28,4,finishing,Wednesday,7,0.6,3.94,0.0,960,0,0.0,0,0,8,0.406354167,28
2015-01-28,4,sewing,Wednesday,7,0.6,23.54,958.0,6600,0,0.0,0,0,55,0.285333333,28
2015-01-28,4,finishing,Wednesday,11,0.5,2.9,0.0,960,0,0.0,0,0,8,0.259375,28
2015-01-29,4,sewing,Thursday,2,0.8,22.52,1416.0,6840,113,0.0,0,0,57,1.0,29
2015-01-29,4,finishing,Thursday,4,0.8,4.3,0.0,1200,0,0.0,0,0,10,0.989,29
2015-01-29,4,sewing,Thursday,3,0.8,22.52,1287.0,6840,100,0.0,0,0,57,0.950185965,29
2015-01-29,4,sewing,Thursday,4,0.8,22.52,1444.0,6900,88,0.0,0,0,57,0.9008,29
2015-01-29,4,sewing,Thursday,10,0.8,22.52,1088.0,6720,88,0.0,0,0,56,0.900129762,29
2015-01-29,4,finishing,Thursday,6,0.5,2.9,0.0,1200,0,0.0,0,0,10,0.899,29
2015-01-29,4,finishing,Thursday,8,0.65,4.15,0.0,960,0,0.0,0,0,8,0.877552083,29
2015-01-29,4,finishing,Thursday,11,0.6,2.9,0.0,960,0,0.0,0,0,8,0.864583333,29
2015-01-29,4,finishing,Thursday,10,0.8,3.94,0.0,1200,0,0.0,0,0,10,0.85695,29
2015-01-29,4,finishing,Thursday,1,0.75,3.94,0.0,1200,0,0.0,0,0,10,0.853666667,29
2015-01-29,4,sewing,Thursday,1,0.75,22.94,1579.0,6960,81,0.0,0,0,58,0.850362069,29
2015-01-29,4,sewing,Thursday,9,0.7,29.12,1170.0,6960,53,0.0,0,0,58,0.850170115,29
2015-01-29,4,sewing,Thursday,5,0.65,20.79,1015.0,7080,81,0.0,0,0,59,0.800473729,29
2015-01-29,4,finishing,Thursday,2,0.8,3.94,0.0,1200,0,0.0,0,0,10,0.773333333,29
2015-01-29,4,sewing,Thursday,12,0.75,15.26,1436.0,4200,45,0.0,0,0,35,0.750646667,29
2015-01-29,4,finishing,Thursday,12,0.75,4.08,0.0,1080,0,0.0,0,0,9,0.634666667,29
2015-01-29,4,sewing,Thursday,11,0.6,20.1,1601.0,4320,46,0.0,0,0,51,0.60059761,29
2015-01-29,4,sewing,Thursday,6,0.5,18.79,717.0,3960,23,0.0,0,0,33,0.500117677,29
2015-01-29,4,finishing,Thursday,3,0.8,3.94,0.0,960,0,0.0,0,0,8,0.4925,29
2015-01-29,4,sewing,Thursday,7,0.65,23.54,830.0,6600,0,0.0,0,0,55,0.48792,29
2015-01-31,4,sewing,Saturday,3,0.8,22.52,1136.0,6960,113,0.0,0,0,58,1.0,31
2015-01-31,4,sewing,Saturday,2,0.8,22.52,1397.0,6840,113,0.0,0,0,57,1.0,31
2015-01-31,4,finishing,Saturday,2,0.8,3.94,0.0,1200,0,0.0,0,0,10,0.971866667,31
2015-01-31,4,finishing,Saturday,3,0.8,3.94,0.0,960,0,0.0,0,0,8,0.971866667,31
2015-01-31,4,finishing,Saturday,4,0.8,3.94,0.0,1200,0,0.0,0,0,10,0.971866667,31
2015-01-31,4,finishing,Saturday,10,0.8,3.94,0.0,1200,0,0.0,0,0,10,0.971866667,31
2015-01-31,4,finishing,Saturday,1,0.75,3.94,0.0,1800,0,0.0,0,0,15,0.971866667,31
2015-01-31,4,finishing,Saturday,9,0.75,3.94,0.0,240,0,0.0,0,0,2,0.971866667,31
2015-01-31,4,finishing,Saturday,12,0.75,4.08,0.0,1080,0,0.0,0,0,9,0.971866667,31
2015-01-31,4,finishing,Saturday,5,0.7,3.94,0.0,240,0,0.0,0,0,2,0.971866667,31
2015-01-31,4,finishing,Saturday,7,0.7,3.94,0.0,1200,0,0.0,0,0,10,0.971866667,31
2015-01-31,4,finishing,Saturday,8,0.65,3.94,0.0,960,0,0.0,0,0,8,0.971866667,31
2015-01-31,4,finishing,Saturday,11,0.65,3.94,0.0,600,0,0.0,0,0,5,0.971866667,31
2015-01-31,4,finishing,Saturday,6,0.6,3.94,0.0,1200,0,0.0,0,0,10,0.971866667,31
2015-01-31,4,sewing,Saturday,10,0.8,22.52,1116.0,6720,93,0.0,0,0,56,0.920236905,31
2015-01-31,4,sewing,Saturday,4,0.8,22.52,1432.0,6660,88,0.0,0,0,57,0.900537069,31
2015-01-31,4,sewing,Saturday,9,0.75,29.12,1082.0,6840,81,0.0,0,0,57,0.850610526,31
2015-01-31,4,sewing,Saturday,1,0.75,22.94,1502.0,6960,81,0.0,0,0,58,0.850362069,31
2015-01-31,4,sewing,Saturday,12,0.75,15.26,1209.0,4200,45,0.0,0,0,35,0.750646667,31
2015-01-31,4,sewing,Saturday,5,0.7,50.89,282.0,5880,56,0.0,0,0,59,0.656763743,31
2015-01-31,4,sewing,Saturday,11,0.65,20.1,1417.0,6480,49,0.0,0,0,54,0.650148148,31
2015-01-31,4,sewing,Saturday,6,0.6,18.79,799.0,3960,23,0.0,0,0,33,0.600710606,31
2015-01-31,4,sewing,Saturday,7,0.7,23.54,1109.0,6720,0,0.0,0,0,56,0.388830357,31
2015-01-31,4,sewing,Saturday,8,0.5,23.54,1144.0,6480,0,0.0,0,0,54,0.286984568,31
2015-02-01,1,finishing,Sunday,8,0.65,4.15,0.0,960,0,0.0,0,0,8,1.0,1
2015-02-01,1,sewing,Sunday,2,0.8,22.52,1396.0,6900,113,0.0,0,0,57,1.0,1
2015-02-01,1,sewing,Sunday,1,0.8,22.94,1582.0,3060,113,0.0,0,0,58,1.0,1
2015-02-01,1,finishing,Sunday,1,0.75,3.94,0.0,2280,0,0.0,0,0,19,0.950438596,1
2015-02-01,1,sewing,Sunday,3,0.8,22.52,1124.0,6840,100,0.0,0,0,57,0.950185965,1
2015-02-01,1,finishing,Sunday,2,0.8,3.94,0.0,1200,0,0.0,0,0,10,0.912766667,1
2015-02-01,1,finishing,Sunday,7,0.7,3.94,0.0,2160,0,0.0,0,0,18,0.892194444,1
2015-02-01,1,finishing,Sunday,10,0.8,3.94,0.0,1200,0,0.0,0,0,10,0.8865,1
2015-02-01,1,sewing,Sunday,10,0.8,22.52,1282.0,6720,75,0.0,0,0,56,0.850532143,1
2015-02-01,1,sewing,Sunday,4,0.8,22.52,1472.0,7020,60,0.0,0,0,58,0.85011396,1
2015-02-01,1,finishing,Sunday,4,0.8,4.3,0.0,1440,0,0.0,0,0,12,0.845069444,1
2015-02-01,1,sewing,Sunday,9,0.75,29.12,1282.0,6960,45,0.0,0,0,58,0.750593103,1
2015-02-01,1,sewing,Sunday,12,0.75,15.26,1276.0,1440,45,0.0,0,0,35,0.750450658,1
2015-02-01,1,finishing,Sunday,12,0.75,4.08,0.0,1080,0,0.0,0,0,9,0.702666667,1
2015-02-01,1,sewing,Sunday,11,0.7,20.1,1192.0,6120,75,0.0,0,0,54,0.700508929,1
2015-02-01,1,sewing,Sunday,6,0.65,18.79,881.0,3960,26,0.0,0,0,33,0.651007071,1
2015-02-01,1,sewing,Sunday,8,0.6,24.26,1196.0,6600,0,0.0,0,0,55,0.466821212,1
2015-02-01,1,sewing,Sunday,7,0.7,24.26,1400.0,6720,0,0.0,0,0,56,0.411553571,1
2015-02-01,1,finishing,Sunday,6,0.6,2.9,0.0,1200,0,0.0,0,0,10,0.314166667,1
2015-02-02,1,sewing,Monday,1,0.8,22.94,16882.0,7020,113,0.0,0,0,58,1.0,2
2015-02-02,1,finishing,Monday,9,0.75,3.94,0.0,960,0,0.0,0,0,8,0.994270833,2
2015-02-02,1,sewing,Monday,2,0.8,22.52,21385.0,7020,88,0.0,0,0,58,0.900158405,2
2015-02-02,1,sewing,Monday,3,0.8,22.52,21266.0,6840,70,0.0,0,0,57,0.90014152,2
2015-02-02,1,sewing,Monday,10,0.8,22.52,21540.0,6720,88,0.0,0,0,56,0.900129762,2
2015-02-02,1,finishing,Monday,10,0.8,3.94,0.0,1200,0,0.0,0,0,10,0.85695,2
2015-02-02,1,finishing,Monday,4,0.8,4.3,0.0,1440,0,0.0,0,0,12,0.809236111,2
2015-02-02,1,sewing,Monday,12,0.8,15.26,12261.0,3600,63,0.0,0,0,35,0.800401961,2
2015-02-02,1,sewing,Monday,4,0.8,22.52,23122.0,5940,50,0.0,0,0,56,0.800393224,2
2015-02-02,1,sewing,Monday,9,0.75,29.12,8992.0,6960,55,0.0,0,0,58,0.799963218,2
2015-02-02,1,finishing,Monday,12,0.75,4.08,0.0,1080,0,0.0,0,0,9,0.740444444,2
2015-02-02,1,sewing,Monday,11,0.7,20.55,9792.0,6480,60,0.0,0,0,54,0.700398148,2
2015-02-02,1,sewing,Monday,6,0.7,18.79,2984.0,3960,30,0.0,0,0,33,0.700354545,2
2015-02-02,1,finishing,Monday,8,0.65,4.15,0.0,960,0,0.0,0,0,8,0.561979167,2
2015-02-02,1,finishing,Monday,1,0.75,3.94,0.0,2280,0,0.0,0,0,19,0.504596491,2
2015-02-02,1,sewing,Monday,5,0.5,30.1,839.0,6960,0,0.0,0,0,58,0.500801724,2
2015-02-02,1,sewing,Monday,7,0.7,24.26,2698.0,6720,0,0.0,0,0,56,0.295307738,2
2015-02-02,1,finishing,Monday,6,0.6,2.9,0.0,1200,0,0.0,0,0,10,0.280333333,2
2015-02-02,1,sewing,Monday,8,0.65,24.26,1435.0,6600,0,0.0,0,0,55,0.260978788,2
2015-02-03,1,finishing,Tuesday,2,0.8,3.94,0.0,2400,0,0.0,0,0,20,1.0,3
2015-02-03,1,sewing,Tuesday,1,0.8,22.52,1500.0,6900,113,0.0,0,0,57,1.0,3
2015-02-03,1,sewing,Tuesday,10,0.8,22.52,1188.0,6720,90,0.0,0,0,56,0.999995238,3
2015-02-03,1,finishing,Tuesday,1,0.8,3.94,0.0,1200,0,0.0,0,0,10,0.99485,3
2015-02-03,1,finishing,Tuesday,8,0.7,4.15,0.0,960,0,0.0,0,0,8,0.976979167,3
2015-02-03,1,sewing,Tuesday,3,0.8,22.52,1112.0,6840,100,0.0,0,0,57,0.950185965,3
2015-02-03,1,sewing,Tuesday,2,0.8,22.52,1452.0,6960,100,0.0,0,0,58,0.949981609,3
2015-02-03,1,finishing,Tuesday,9,0.75,3.94,0.0,1320,0,0.0,0,0,11,0.919954545,3
2015-02-03,1,sewing,Tuesday,4,0.8,22.52,340.0,5460,63,0.0,0,0,56,0.800434622,3
2015-02-03,1,sewing,Tuesday,12,0.8,15.26,1029.0,2040,50,0.0,0,0,35,0.800259023,3
2015-02-03,1,finishing,Tuesday,12,0.8,4.08,0.0,1080,0,0.0,0,0,9,0.778222222,3
2015-02-03,1,sewing,Tuesday,9,0.75,29.12,1070.0,6960,34,0.0,0,0,58,0.750593103,3
2015-02-03,1,sewing,Tuesday,11,0.7,25.31,946.0,5760,60,0.0,0,0,54,0.700513566,3
2015-02-03,1,sewing,Tuesday,6,0.7,18.79,913.0,4020,30,0.0,0,0,33,0.700184577,3
2015-02-03,1,sewing,Tuesday,8,0.7,24.26,1363.0,6660,0,0.0,0,0,55,0.586465465,3
2015-02-03,1,sewing,Tuesday,7,0.7,24.26,1639.0,6720,0,0.0,0,0,56,0.541517857,3
2015-02-03,1,finishing,Tuesday,4,0.8,4.3,0.0,1440,0,0.0,0,0,12,0.5375,3
2015-02-03,1,finishing,Tuesday,6,0.7,2.9,0.0,960,0,0.0,0,0,8,0.495416667,3
2015-02-03,1,sewing,Tuesday,5,0.6,30.1,415.0,6960,0,0.0,0,0,58,0.415172414,3
2015-02-04,1,sewing,Wednesday,2,0.8,22.52,1263.0,6900,100,0.0,0,0,57,1.0,4
2015-02-04,1,sewing,Wednesday,3,0.8,22.52,968.0,6840,113,0.0,0,0,57,1.0,4
2015-02-04,1,sewing,Wednesday,10,0.8,22.52,1108.0,6720,113,0.0,0,0,56,0.999995238,4
2015-02-04,1,finishing,Wednesday,2,0.8,3.94,0.0,2160,0,0.0,0,0,18,0.966759259,4
2015-02-04,1,finishing,Wednesday,1,0.8,3.94,0.0,1200,0,0.0,0,0,10,0.929183333,4
2015-02-04,1,finishing,Wednesday,8,0.7,4.15,0.0,3000,0,0.0,0,0,25,0.915766667,4
2015-02-04,1,sewing,Wednesday,1,0.8,22.52,1532.0,6900,88,0.0,0,0,57,0.900147246,4
2015-02-04,1,sewing,Wednesday,12,0.8,15.26,1094.0,4080,38,0.0,0,0,34,0.800401961,4
2015-02-04,1,sewing,Wednesday,9,0.8,22.52,1086.0,6960,50,0.0,0,0,58,0.799963218,4
2015-02-04,1,finishing,Wednesday,7,0.7,3.94,0.0,960,0,0.0,0,0,8,0.779791667,4
2015-02-04,1,finishing,Wednesday,9,0.75,3.94,0.0,960,0,0.0,0,0,8,0.755166667,4
2015-02-04,1,sewing,Wednesday,6,0.7,18.79,941.0,3360,30,0.0,0,0,33,0.700710417,4
2015-02-04,1,sewing,Wednesday,7,0.7,24.26,1471.0,6960,0,0.0,0,0,58,0.700612069,4
2015-02-04,1,sewing,Wednesday,11,0.7,10.05,1042.0,6120,60,0.0,0,0,53,0.700278846,4
2015-02-04,1,sewing,Wednesday,8,0.7,29.12,1248.0,6840,0,0.0,0,0,57,0.700135088,4
2015-02-04,1,finishing,Wednesday,12,0.8,4.08,0.0,1080,0,0.0,0,0,9,0.687555556,4
2015-02-04,1,sewing,Wednesday,5,0.65,30.1,326.0,5820,0,90.0,10,0,58,0.650834808,4
2015-02-04,1,finishing,Wednesday,6,0.7,2.9,0.0,960,0,0.0,0,0,8,0.531666667,4
2015-02-04,1,sewing,Wednesday,4,0.35,30.1,287.0,6060,23,150.0,15,0,55,0.350706422,4
2015-02-05,1,sewing,Thursday,2,0.8,22.52,1300.0,6780,113,0.0,0,0,56,1.0,5
2015-02-05,1,sewing,Thursday,1,0.8,22.52,1485.0,6900,113,0.0,0,0,57,1.0,5
2015-02-05,1,sewing,Thursday,10,0.8,22.52,1039.0,6720,113,0.0,0,0,56,0.999995238,5
2015-02-05,1,finishing,Thursday,2,0.8,3.94,0.0,2640,0,0.0,0,0,22,0.999924242,5
2015-02-05,1,sewing,Thursday,3,0.8,22.52,1063.0,6840,100,0.0,0,0,57,0.950185965,5
2015-02-05,1,finishing,Thursday,6,0.7,2.9,0.0,960,0,0.0,0,0,8,0.9425,5
2015-02-05,1,finishing,Thursday,12,0.8,4.08,0.0,1080,0,0.0,0,0,9,0.906666667,5
2015-02-05,1,finishing,Thursday,7,0.7,3.94,0.0,1200,0,0.0,0,0,10,0.8471,5
2015-02-05,1,finishing,Thursday,1,0.8,3.94,0.0,1440,0,0.0,0,0,12,0.845458333,5
2015-02-05,1,sewing,Thursday,12,0.8,15.26,1083.0,720,38,0.0,0,0,34,0.800612676,5
2015-02-05,1,sewing,Thursday,9,0.8,29.12,1069.0,6960,50,0.0,0,0,58,0.799963218,5
2015-02-05,1,finishing,Thursday,10,0.8,3.94,0.0,960,0,0.0,0,0,8,0.771583333,5
2015-02-05,1,sewing,Thursday,11,0.75,10.05,668.0,2520,34,0.0,0,0,26,0.7504,5
2015-02-05,1,sewing,Thursday,6,0.7,18.79,766.0,2760,30,0.0,0,0,33,0.700079032,5
2015-02-05,1,sewing,Thursday,5,0.7,30.1,557.0,6960,0,0.0,0,0,58,0.562212644,5
2015-02-05,1,sewing,Thursday,7,0.07,24.26,1608.0,6960,0,0.0,0,0,58,0.522844828,5
2015-02-05,1,sewing,Thursday,4,0.5,30.1,417.0,6360,23,0.0,0,1,53,0.500720126,5
2015-02-05,1,sewing,Thursday,8,0.7,24.26,1167.0,6840,0,0.0,0,0,57,0.496549708,5
2015-02-07,1,finishing,Saturday,2,0.8,3.94,0.0,3000,0,0.0,0,0,25,1.0,7
2015-02-07,1,sewing,Saturday,2,0.8,22.52,1186.0,6900,113,0.0,0,0,58,1.0,7
2015-02-07,1,sewing,Saturday,3,0.8,22.52,1060.0,6840,100,0.0,0,0,57,0.950185965,7
2015-02-07,1,sewing,Saturday,1,0.8,22.52,1534.0,6780,88,0.0,0,0,57,0.900135693,7
2015-02-07,1,sewing,Saturday,10,0.8,22.52,1142.0,6720,88,0.0,0,0,56,0.900129762,7
2015-02-07,1,finishing,Saturday,12,0.8,4.08,0.0,1080,0,0.0,0,0,9,0.899111111,7
2015-02-07,1,finishing,Saturday,1,0.8,3.94,0.0,1200,0,0.0,0,0,10,0.870083333,7
2015-02-07,1,finishing,Saturday,6,0.75,2.9,0.0,960,0,0.0,0,0,8,0.845833333,7
2015-02-07,1,sewing,Saturday,12,0.8,15.26,1021.0,4080,63,0.0,0,0,34,0.800401961,7
2015-02-07,1,sewing,Saturday,9,0.8,29.12,829.0,6960,50,0.0,0,0,58,0.799963218,7
2015-02-07,1,finishing,Saturday,9,0.8,3.94,0.0,960,0,0.0,0,0,8,0.771583333,7
2015-02-07,1,sewing,Saturday,6,0.75,18.79,813.0,1560,34,0.0,0,0,33,0.750520115,7
2015-02-07,1,sewing,Saturday,11,0.75,10.05,677.0,3240,45,0.0,0,0,27,0.750027778,7
2015-02-07,1,finishing,Saturday,7,0.7,3.94,0.0,1200,0,0.0,0,0,10,0.715766667,7
2015-02-07,1,sewing,Saturday,7,0.7,24.26,658.0,6960,0,270.0,45,0,58,0.662270115,7
2015-02-07,1,sewing,Saturday,4,0.6,30.1,486.0,6780,30,0.0,0,1,57,0.600224189,7
2015-02-07,1,sewing,Saturday,5,0.7,30.1,687.0,7500,0,0.0,0,0,59,0.545657673,7
2015-02-07,1,finishing,Saturday,4,0.8,4.3,0.0,960,0,0.0,0,0,8,0.447916667,7
2015-02-07,1,sewing,Saturday,8,0.7,24.26,652.0,6840,0,300.0,37,0,57,0.365318713,7
2015-02-08,2,sewing,Sunday,2,0.8,22.52,1233.0,6900,113,0.0,0,0,57,1.0,8
2015-02-08,2,finishing,Sunday,7,0.7,4.15,0.0,1440,0,0.0,0,0,12,0.928680556,8
2015-02-08,2,sewing,Sunday,10,0.8,22.52,1388.0,6720,88,0.0,0,0,56,0.9008,8
2015-02-08,2,sewing,Sunday,1,0.8,22.52,1615.0,6780,88,0.0,0,0,56,0.900135693,8
2015-02-08,2,sewing,Sunday,3,0.8,22.52,1283.0,6720,88,0.0,0,0,56,0.900129762,8
2015-02-08,2,finishing,Sunday,1,0.8,3.94,0.0,1200,0,0.0,0,0,10,0.893066667,8
2015-02-08,2,finishing,Sunday,12,0.8,4.08,0.0,1080,0,0.0,0,0,9,0.891555556,8
2015-02-08,2,finishing,Sunday,2,0.8,3.94,0.0,2160,0,0.0,0,0,18,0.875555556,8
2015-02-08,2,finishing,Sunday,8,0.7,4.15,0.0,1800,0,0.0,0,0,15,0.840888889,8
2015-02-08,2,sewing,Sunday,12,0.8,15.26,1026.0,2880,63,0.0,0,0,34,0.800355208,8
2015-02-08,2,sewing,Sunday,9,0.8,29.12,909.0,6960,50,0.0,0,0,58,0.799963218,8
2015-02-08,2,sewing,Sunday,6,0.75,18.79,670.0,3960,34,0.0,0,0,33,0.75065101,8
2015-02-08,2,sewing,Sunday,11,0.75,10.05,629.0,3240,45,0.0,0,0,27,0.750027778,8
2015-02-08,2,sewing,Sunday,5,0.7,30.1,754.0,7020,0,0.0,0,0,58,0.700618234,8
2015-02-08,2,finishing,Sunday,6,0.75,2.9,0.0,960,0,0.0,0,0,8,0.610208333,8
2015-02-08,2,finishing,Sunday,9,0.8,3.94,0.0,960,0,0.0,0,0,8,0.607416667,8
2015-02-08,2,sewing,Sunday,4,0.65,30.1,712.0,6780,44,0.0,0,1,56,0.568259587,8
2015-02-08,2,sewing,Sunday,7,0.7,24.26,148.0,6960,0,0.0,0,0,58,0.355534483,8
2015-02-08,2,sewing,Sunday,8,0.7,24.26,154.0,6840,0,0.0,0,0,57,0.353259649,8
2015-02-09,2,finishing,Monday,2,0.8,3.94,0.0,2160,0,0.0,0,0,18,1.0,9
2015-02-09,2,finishing,Monday,1,0.8,3.94,0.0,1200,0,0.0,0,0,10,0.962016667,9
2015-02-09,2,sewing,Monday,10,0.8,22.52,1127.0,120,88,0.0,0,0,56,0.9008,9
2015-02-09,2,sewing,Monday,1,0.8,22.52,1506.0,3600,70,0.0,0,0,57,0.900509044,9
2015-02-09,2,sewing,Monday,2,0.8,22.52,1413.0,360,70,0.0,0,0,57,0.900477825,9
2015-02-09,2,finishing,Monday,6,0.75,2.9,0.0,960,0,0.0,0,0,8,0.888125,9
2015-02-09,2,sewing,Monday,12,0.8,15.26,970.0,4080,63,0.0,0,0,34,0.800401961,9
2015-02-09,2,sewing,Monday,3,0.8,22.52,1271.0,5400,50,0.0,0,0,57,0.800161172,9
2015-02-09,2,sewing,Monday,9,0.8,29.12,1073.0,6960,50,0.0,0,0,58,0.799963218,9
2015-02-09,2,sewing,Monday,4,0.7,30.1,767.0,3300,50,0.0,0,1,57,0.790003236,9
2015-02-09,2,sewing,Monday,11,0.75,10.05,103.0,0,45,0.0,0,0,54,0.750648148,9
2015-02-09,2,finishing,Monday,8,0.35,4.15,0.0,1800,0,0.0,0,0,15,0.707111111,9
2015-02-09,2,sewing,Monday,5,0.7,30.1,773.0,7020,40,0.0,0,0,58,0.700618234,9
2015-02-09,2,finishing,Monday,9,0.8,3.94,0.0,960,0,0.0,0,0,8,0.697708333,9
2015-02-09,2,sewing,Monday,6,0.75,18.79,708.0,4080,0,0.0,0,0,34,0.612517157,9
2015-02-09,2,sewing,Monday,7,0.35,30.1,842.0,6960,0,0.0,0,1,58,0.350301724,9
2015-02-09,2,sewing,Monday,8,0.35,30.1,901.0,6960,0,0.0,0,1,58,0.350301724,9
2015-02-09,2,finishing,Monday,12,0.8,4.08,0.0,1080,0,0.0,0,0,9,0.272,9
2015-02-10,2,finishing,Tuesday,12,0.8,4.08,0.0,1080,0,0.0,0,0,9,1.0,10
2015-02-10,2,finishing,Tuesday,2,0.8,3.94,0.0,2160,0,0.0,0,0,18,0.966759259,10
2015-02-10,2,sewing,Tuesday,10,0.8,22.52,1268.0,0,88,0.0,0,0,56,0.90063244,10
2015-02-10,2,sewing,Tuesday,1,0.8,22.52,1546.0,0,88,0.0,0,0,57,0.90047076,10
2015-02-10,2,sewing,Tuesday,3,0.8,22.52,813.0,0,88,0.0,0,0,57,0.90047076,10
2015-02-10,2,sewing,Tuesday,2,0.8,22.52,1512.0,0,88,0.0,0,0,57,0.899984058,10
2015-02-10,2,finishing,Tuesday,1,0.8,3.94,0.0,1440,0,0.0,0,0,12,0.853666667,10
2015-02-10,2,sewing,Tuesday,9,0.8,29.12,1263.0,2160,38,0.0,0,0,58,0.8008,10
2015-02-10,2,sewing,Tuesday,12,0.8,15.26,900.0,4080,50,0.0,0,0,34,0.800401961,10
2015-02-10,2,finishing,Tuesday,4,0.7,4.15,0.0,1800,0,0.0,0,0,15,0.796755556,10
2015-02-10,2,sewing,Tuesday,6,0.75,18.79,640.0,2400,0,0.0,0,0,34,0.750797009,10
2015-02-10,2,sewing,Tuesday,11,0.8,10.05,13.0,3240,34,0.0,0,0,54,0.750648148,10
2015-02-10,2,sewing,Tuesday,5,0.75,30.1,855.0,7020,45,0.0,0,0,58,0.750356125,10
2015-02-10,2,finishing,Tuesday,8,0.35,4.15,0.0,960,0,0.0,0,0,8,0.703770833,10
2015-02-10,2,sewing,Tuesday,4,0.7,30.1,855.0,7020,40,0.0,0,1,58,0.700618234,10
2015-02-10,2,finishing,Tuesday,9,0.8,3.94,0.0,960,0,0.0,0,0,8,0.6895,10
2015-02-10,2,finishing,Tuesday,6,0.75,2.9,0.0,960,0,0.0,0,0,8,0.628333333,10
2015-02-10,2,sewing,Tuesday,7,0.5,30.1,1025.0,6960,23,0.0,0,1,58,0.500801724,10
2015-02-10,2,sewing,Tuesday,8,0.5,30.1,1061.0,6960,30,0.0,0,1,58,0.393548851,10
2015-02-11,2,finishing,Wednesday,4,0.7,4.15,0.0,1800,0,0.0,0,0,15,1.0,11
2015-02-11,2,finishing,Wednesday,12,0.8,4.08,0.0,1080,0,0.0,0,0,9,1.0,11
2015-02-11,2,sewing,Wednesday,2,0.8,22.52,1557.0,0,90,0.0,0,0,57,1.0,11
2015-02-11,2,sewing,Wednesday,1,0.8,22.52,1498.0,0,113,0.0,0,0,57,1.0,11
2015-02-11,2,finishing,Wednesday,8,0.35,4.15,0.0,1440,0,0.0,0,0,12,0.994375,11
2015-02-11,2,finishing,Wednesday,2,0.8,3.94,0.0,2160,0,0.0,0,0,18,0.912037037,11
2015-02-11,2,finishing,Wednesday,5,0.7,4.15,0.0,240,0,0.0,0,0,2,0.87,11
2015-02-11,2,sewing,Wednesday,10,0.8,22.52,598.0,0,75,0.0,0,0,56,0.850364583,11
2015-02-11,2,sewing,Wednesday,6,0.8,18.79,656.0,3480,38,0.0,0,0,34,0.800947475,11
2015-02-11,2,sewing,Wednesday,12,0.8,15.26,854.0,4080,50,0.0,0,0,34,0.800401961,11
2015-02-11,2,sewing,Wednesday,9,0.8,29.12,609.0,3240,50,0.0,0,0,58,0.800144144,11
2015-02-11,2,sewing,Wednesday,5,0.75,30.1,788.0,7380,56,0.0,0,0,59,0.750406233,11
2015-02-11,2,sewing,Wednesday,8,0.6,30.1,1069.0,4560,30,0.0,0,1,58,0.714410494,11
2015-02-11,2,sewing,Wednesday,4,0.7,30.1,667.0,5940,40,0.0,0,1,59,0.700588406,11
2015-02-11,2,finishing,Wednesday,1,0.8,3.94,0.0,1440,0,0.0,0,0,12,0.618361111,11
2015-02-11,2,sewing,Wednesday,7,0.6,30.1,829.0,3360,23,0.0,0,1,58,0.600070513,11
2015-02-11,2,finishing,Wednesday,9,0.8,3.94,0.0,960,0,0.0,0,0,8,0.54175,11
2015-02-11,2,sewing,Wednesday,3,0.8,22.52,11.0,6840,0,0.0,0,1,57,0.536901754,11
2015-02-11,2,sewing,Wednesday,11,0.35,11.41,434.0,3240,0,0.0,0,1,52,0.507903226,11
2015-02-12,2,sewing,Thursday,1,0.8,22.52,1397.0,0,138,0.0,0,0,57,1.0,12
2015-02-12,2,finishing,Thursday,4,0.7,4.15,0.0,1800,0,0.0,0,0,15,1.0,12
2015-02-12,2,sewing,Thursday,2,0.8,22.52,1327.0,0,113,0.0,0,0,57,1.0,12
2015-02-12,2,finishing,Thursday,12,0.8,4.08,0.0,1080,0,0.0,0,0,9,0.838666667,12
2015-02-12,2,sewing,Thursday,12,0.8,15.26,894.0,4080,50,0.0,0,0,34,0.800401961,12
2015-02-12,2,finishing,Thursday,8,0.35,4.15,0.0,1440,0,0.0,0,0,12,0.755486111,12
2015-02-12,2,sewing,Thursday,5,0.75,30.1,610.0,7080,56,0.0,0,0,59,0.750799435,12
2015-02-12,2,sewing,Thursday,6,0.8,18.79,779.0,3960,0,0.0,0,0,33,0.688017677,12
2015-02-12,2,finishing,Thursday,1,0.8,3.94,0.0,1440,0,0.0,0,0,12,0.664875,12
2015-02-12,2,finishing,Thursday,9,0.8,3.94,0.0,960,0,0.0,0,0,8,0.656666667,12
2015-02-12,2,sewing,Thursday,4,0.7,30.1,419.0,7080,0,0.0,0,1,59,0.637711864,12
2015-02-12,2,finishing,Thursday,2,0.8,3.94,0.0,2160,0,0.0,0,0,18,0.601944444,12
2015-02-12,2,finishing,Thursday,5,0.7,4.15,0.0,240,0,0.0,0,0,2,0.58,12
2015-02-12,2,sewing,Thursday,7,0.65,30.1,909.0,7080,0,0.0,0,1,59,0.535677966,12
2015-02-12,2,sewing,Thursday,11,0.5,11.41,1039.0,2280,0,0.0,0,2,55,0.50012336,12
2015-02-12,2,sewing,Thursday,9,0.8,29.12,14.0,6960,0,0.0,0,0,58,0.497885057,12
2015-02-12,2,sewing,Thursday,8,0.65,30.1,1193.0,7080,0,0.0,0,1,59,0.463403955,12
2015-02-12,2,sewing,Thursday,10,0.8,22.52,10.0,6000,0,0.0,0,0,50,0.441392,12
2015-02-12,2,sewing,Thursday,3,0.35,30.1,770.0,6960,0,0.0,0,1,58,0.350301724,12
2015-02-14,2,sewing,Saturday,1,0.8,22.52,1416.0,6840,113,0.0,0,0,57,1.0,14
2015-02-14,2,finishing,Saturday,7,0.7,4.15,0.0,1800,0,0.0,0,0,15,0.929277778,14
2015-02-14,2,finishing,Saturday,4,0.75,4.15,0.0,2400,0,0.0,0,0,20,0.902916667,14
2015-02-14,2,finishing,Saturday,12,0.8,4.08,0.0,1080,0,0.0,0,0,9,0.800888889,14
2015-02-14,2,sewing,Saturday,12,0.8,15.26,942.0,4080,63,0.0,0,0,34,0.800401961,14
2015-02-14,2,sewing,Saturday,2,0.8,22.52,674.0,3660,63,0.0,0,0,57,0.80037492,14
2015-02-14,2,finishing,Saturday,1,0.8,3.94,0.0,1440,0,0.0,0,0,12,0.796208333,14
2015-02-14,2,sewing,Saturday,4,0.75,30.1,481.0,7140,0,0.0,0,1,59,0.750392157,14
2015-02-14,2,sewing,Saturday,5,0.75,30.1,664.0,7140,56,0.0,0,0,59,0.750392157,14
2015-02-14,2,finishing,Saturday,8,0.7,4.15,0.0,960,0,0.0,0,0,8,0.725625,14
2015-02-14,2,sewing,Saturday,8,0.7,30.1,824.0,5160,0,0.0,0,1,60,0.700206125,14
2015-02-14,2,sewing,Saturday,7,0.7,30.1,957.0,7200,0,0.0,0,1,60,0.602,14
2015-02-14,2,sewing,Saturday,11,0.6,11.41,1039.0,2280,23,0.0,0,2,55,0.600447507,14
2015-02-14,2,sewing,Saturday,6,0.8,18.79,822.0,4080,0,0.0,0,0,34,0.557252451,14
2015-02-14,2,sewing,Saturday,3,0.5,30.1,1261.0,6960,30,0.0,0,1,58,0.500801724,14
2015-02-14,2,finishing,Saturday,6,0.8,2.9,0.0,960,0,0.0,0,0,8,0.483333333,14
2015-02-14,2,finishing,Saturday,9,0.8,3.94,0.0,960,0,0.0,0,0,8,0.238041667,14
2015-02-15,3,finishing,Sunday,1,0.8,3.94,0.0,960,0,0.0,0,0,8,1.0,15
2015-02-15,3,finishing,Sunday,2,0.8,3.94,0.0,960,0,0.0,0,0,8,1.0,15
2015-02-15,3,sewing,Sunday,1,0.8,22.52,1420.0,6840,113,0.0,0,0,57,1.0,15
2015-02-15,3,finishing,Sunday,12,0.8,4.08,0.0,1080,0,0.0,0,0,9,0.876444444,15
2015-02-15,3,sewing,Sunday,12,0.8,15.26,1120.0,1440,50,0.0,0,0,34,0.800806306,15
2015-02-15,3,finishing,Sunday,5,0.75,4.15,0.0,240,0,0.0,0,0,2,0.760833333,15
2015-02-15,3,sewing,Sunday,5,0.8,30.1,679.0,7140,0,0.0,0,0,59,0.722568627,15
2015-02-15,3,finishing,Sunday,11,0.6,2.9,0.0,1200,0,0.0,0,0,10,0.715333333,15
2015-02-15,3,sewing,Sunday,7,0.7,30.1,881.0,7080,0,0.0,0,1,59,0.700632768,15
2015-02-15,3,sewing,Sunday,8,0.7,30.1,507.0,5880,40,2.0,10,1,59,0.700573099,15
2015-02-15,3,sewing,Sunday,6,0.75,18.79,814.0,4080,0,0.0,0,0,34,0.681598039,15
2015-02-15,3,sewing,Sunday,11,0.65,11.41,700.0,2640,23,0.0,0,2,53,0.650223718,15
2015-02-15,3,finishing,Sunday,8,0.7,4.15,0.0,960,0,0.0,0,0,8,0.605208333,15
2015-02-15,3,finishing,Sunday,6,0.8,2.9,0.0,960,0,0.0,0,0,8,0.604166667,15
2015-02-15,3,sewing,Sunday,4,0.75,30.1,919.0,7140,0,0.0,0,1,59,0.598627451,15
2015-02-15,3,sewing,Sunday,3,0.6,30.1,1361.0,6960,30,0.0,0,1,58,0.475718391,15
2015-02-15,3,sewing,Sunday,2,0.8,22.52,12.0,6900,0,0.0,0,0,57,0.432122899,15
2015-02-15,3,finishing,Sunday,4,0.75,4.15,0.0,2400,0,0.0,0,0,20,0.287041667,15
2015-02-15,3,sewing,Sunday,9,0.5,18.79,1688.0,5280,0,0.0,0,1,54,0.283054487,15
2015-02-16,3,sewing,Monday,1,0.8,22.52,1422.0,6840,113,0.0,0,0,57,1.0,16
2015-02-16,3,finishing,Monday,9,0.8,3.94,0.0,1200,0,0.0,0,0,10,0.960433333,16
2015-02-16,3,finishing,Monday,12,0.8,4.08,0.0,1080,0,0.0,0,0,9,0.891555556,16
2015-02-16,3,finishing,Monday,3,0.5,4.15,0.0,960,0,0.0,0,0,8,0.864583333,16
2015-02-16,3,sewing,Monday,3,0.65,30.1,1263.0,600,63,0.0,0,1,58,0.802243319,16
2015-02-16,3,sewing,Monday,5,0.8,30.1,461.0,0,0,0.0,0,0,59,0.800980392,16
2015-02-16,3,sewing,Monday,12,0.8,15.26,1079.0,3720,38,0.0,0,0,34,0.800312375,16
2015-02-16,3,finishing,Monday,6,0.8,2.9,0.0,960,0,0.0,0,0,8,0.773333333,16
2015-02-16,3,sewing,Monday,6,0.75,18.79,895.0,3960,0,0.0,0,0,33,0.75065101,16
2015-02-16,3,sewing,Monday,4,0.75,30.1,912.0,7020,0,0.0,0,1,58,0.750356125,16
2015-02-16,3,finishing,Monday,4,0.75,4.15,0.0,1800,0,0.0,0,0,15,0.722333333,16
2015-02-16,3,sewing,Monday,7,0.7,30.1,784.0,600,30,0.0,0,1,59,0.700459889,16
2015-02-16,3,finishing,Monday,5,0.75,4.15,0.0,1200,0,0.0,0,0,10,0.629416667,16
2015-02-16,3,sewing,Monday,8,0.7,30.1,7.0,7080,27,2.0,10,2,59,0.621971751,16
2015-02-16,3,sewing,Monday,11,0.7,11.41,680.0,2160,30,0.0,0,2,54,0.565972222,16
2015-02-16,3,sewing,Monday,10,0.6,18.22,1131.0,5280,0,0.0,0,1,44,0.35542803,16
2015-02-16,3,sewing,Monday,9,0.6,18.79,2103.0,5400,0,0.0,0,1,54,0.329964879,16
2015-02-16,3,finishing,Monday,7,0.7,4.15,0.0,1800,0,0.0,0,0,15,0.258,16
2015-02-17,3,sewing,Tuesday,1,0.8,22.52,1445.0,6840,113,0.0,0,0,57,1.0,17
2015-02-17,3,finishing,Tuesday,10,0.8,3.94,0.0,960,0,0.0,0,0,8,0.927541667,17
2015-02-17,3,finishing,Tuesday,7,0.7,5.13,0.0,1200,0,0.0,0,0,10,0.91375,17
2015-02-17,3,finishing,Tuesday,12,0.8,5.13,0.0,1080,0,0.0,0,0,9,0.9025,17
2015-02-17,3,sewing,Tuesday,12,0.8,15.26,1133.0,4080,38,0.0,0,0,34,0.800401961,17
2015-02-17,3,finishing,Tuesday,3,0.5,5.13,0.0,1800,0,0.0,0,0,15,0.7866,17
2015-02-17,3,sewing,Tuesday,6,0.75,18.79,726.0,3360,0,0.0,0,0,33,0.750621354,17
2015-02-17,3,sewing,Tuesday,4,0.75,30.1,849.0,7020,45,0.0,0,1,58,0.750356125,17
2015-02-17,3,finishing,Tuesday,6,0.8,2.9,0.0,960,0,0.0,0,0,8,0.749166667,17
2015-02-17,3,sewing,Tuesday,7,0.7,30.1,562.0,840,30,0.0,0,1,59,0.700888203,17
2015-02-17,3,sewing,Tuesday,11,0.7,11.41,1054.0,3420,30,0.0,0,2,56,0.700614035,17
2015-02-17,3,sewing,Tuesday,3,0.7,30.1,1422.0,6960,50,0.0,0,1,58,0.700603448,17
2015-02-17,3,finishing,Tuesday,4,0.75,5.13,0.0,960,0,0.0,0,0,8,0.656666667,17
2015-02-17,3,sewing,Tuesday,5,0.8,30.1,680.0,7140,0,0.0,0,0,59,0.653431373,17
2015-02-17,3,sewing,Tuesday,9,0.65,18.79,2120.0,5520,0,0.0,0,1,51,0.650134,17
2015-02-17,3,sewing,Tuesday,8,0.6,29.4,179.0,0,23,5.0,30,2,58,0.600982906,17
2015-02-17,3,finishing,Tuesday,9,0.8,3.94,0.0,960,0,0.0,0,0,8,0.586041667,17
2015-02-17,3,finishing,Tuesday,2,0.8,5.13,0.0,1800,0,0.0,0,0,15,0.5814,17
2015-02-17,3,sewing,Tuesday,2,0.5,30.33,838.0,6720,0,0.0,0,1,56,0.361071429,17
2015-02-17,3,sewing,Tuesday,10,0.65,18.22,741.0,0,0,8.0,35,1,49,0.302117347,17
2015-02-18,3,finishing,Wednesday,12,0.8,5.13,0.0,1200,0,0.0,0,0,10,0.9918,18
2015-02-18,3,finishing,Wednesday,6,0.8,2.9,0.0,1440,0,0.0,0,0,12,0.936861111,18
2015-02-18,3,finishing,Wednesday,2,0.8,5.13,0.0,1440,0,0.0,0,0,12,0.919125,18
2015-02-18,3,sewing,Wednesday,11,0.7,11.41,685.0,3360,30,0.0,0,2,56,0.8211125,18
2015-02-18,3,sewing,Wednesday,4,0.8,30.1,864.0,480,50,0.0,0,1,58,0.800980392,18
2015-02-18,3,sewing,Wednesday,5,0.8,30.1,511.0,0,0,0.0,0,0,59,0.800980392,18
2015-02-18,3,sewing,Wednesday,12,0.8,15.26,1095.0,4080,63,0.0,0,0,34,0.800401961,18
2015-02-18,3,sewing,Wednesday,1,0.8,22.52,1374.0,3960,63,0.0,0,0,57,0.800279693,18
2015-02-18,3,sewing,Wednesday,6,0.75,18.79,759.0,3960,34,0.0,0,0,33,0.75065101,18
2015-02-18,3,sewing,Wednesday,7,0.75,30.1,553.0,2280,45,0.0,0,1,59,0.75053268,18
2015-02-18,3,finishing,Wednesday,4,0.75,5.13,0.0,960,0,0.0,0,0,8,0.734645833,18
2015-02-18,3,sewing,Wednesday,3,0.7,30.1,1057.0,0,40,0.0,0,1,58,0.700603448,18
2015-02-18,3,sewing,Wednesday,9,0.7,18.79,1587.0,4560,30,0.0,0,1,51,0.70009573,18
2015-02-18,3,finishing,Wednesday,7,0.7,5.13,0.0,960,0,0.0,0,0,8,0.671875,18
2015-02-18,3,finishing,Wednesday,10,0.8,3.94,0.0,960,0,0.0,0,0,8,0.64025,18
2015-02-18,3,finishing,Wednesday,8,0.7,5.13,0.0,960,0,0.0,0,0,8,0.58,18
2015-02-18,3,finishing,Wednesday,9,0.8,3.94,0.0,960,0,0.0,0,0,8,0.549791667,18
2015-02-18,3,sewing,Wednesday,2,0.6,30.33,868.0,6840,0,0.0,0,1,57,0.328131579,18
2015-02-18,3,sewing,Wednesday,10,0.7,19.68,1119.0,5640,0,8.0,35,1,47,0.303574468,18
2015-02-18,3,finishing,Wednesday,3,0.5,5.13,0.0,960,0,0.0,0,0,8,0.2565,18
2015-02-18,3,sewing,Wednesday,8,0.65,29.4,962.0,4560,0,4.5,30,2,57,0.251399254,18
2015-02-19,3,finishing,Thursday,3,0.5,5.13,0.0,2880,0,0.0,0,0,12,0.81640625,19
2015-02-19,3,sewing,Thursday,12,0.8,15.26,1126.0,1080,38,0.0,0,0,34,0.800711494,19
2015-02-19,3,sewing,Thursday,1,0.8,22.52,265.0,3840,63,0.0,0,0,57,0.800470513,19
2015-02-19,3,sewing,Thursday,4,0.8,30.1,859.0,7020,63,0.0,0,1,58,0.800094017,19
2015-02-19,3,sewing,Thursday,5,0.8,30.1,276.0,600,63,3.5,15,0,59,0.799982853,19
2015-02-19,3,finishing,Thursday,6,0.8,2.9,0.0,4320,0,0.0,0,0,18,0.785864198,19
2015-02-19,3,sewing,Thursday,6,0.75,18.79,899.0,3960,56,0.0,0,0,33,0.75065101,19
2015-02-19,3,finishing,Thursday,10,0.8,3.94,0.0,2400,0,0.0,0,0,10,0.733277778,19
2015-02-19,3,finishing,Thursday,2,0.8,5.13,0.0,3600,0,0.0,0,0,15,0.710125,19
2015-02-19,3,sewing,Thursday,3,0.7,30.1,247.0,6960,50,0.0,0,1,58,0.700603448,19
2015-02-19,3,sewing,Thursday,11,0.7,11.41,653.0,3480,30,0.0,0,2,58,0.700540441,19
2015-02-19,3,sewing,Thursday,8,0.7,29.4,1116.0,6240,0,0.0,0,2,57,0.7,19
2015-02-19,3,finishing,Thursday,4,0.75,5.13,0.0,1920,0,0.0,0,0,8,0.684027778,19
2015-02-19,3,finishing,Thursday,8,0.7,5.13,0.0,1920,0,0.0,0,0,8,0.672135417,19
2015-02-19,3,sewing,Thursday,9,0.7,18.79,1603.0,6120,30,0.0,0,1,51,0.638614379,19
2015-02-19,3,finishing,Thursday,5,0.75,5.13,0.0,1920,0,0.0,0,0,8,0.631354167,19
2015-02-19,3,sewing,Thursday,7,0.75,30.1,444.0,0,0,5.0,20,1,59,0.611140537,19
2015-02-19,3,finishing,Thursday,12,0.8,5.13,0.0,2160,0,0.0,0,0,9,0.609583333,19
2015-02-19,3,sewing,Thursday,2,0.65,30.33,841.0,6840,0,0.0,0,1,57,0.585315789,19
2015-02-19,3,sewing,Thursday,10,0.7,19.68,1410.0,5760,0,0.0,0,1,48,0.249416667,19
2015-02-22,4,finishing,Sunday,3,0.5,5.13,0.0,1800,0,0.0,0,0,15,0.8721,22
2015-02-22,4,finishing,Sunday,6,0.8,2.9,0.0,960,0,0.0,0,0,8,0.8319375,22
2015-02-22,4,finishing,Sunday,2,0.8,5.13,0.0,4800,0,0.0,0,0,20,0.8300625,22
2015-02-22,4,finishing,Sunday,11,0.6,2.9,0.0,2880,0,0.0,0,0,12,0.805555556,22
2015-02-22,4,sewing,Sunday,12,0.8,15.26,1103.0,4080,63,0.0,0,0,34,0.800401961,22
2015-02-22,4,sewing,Sunday,4,0.8,30.1,922.0,5820,63,0.0,0,1,59,0.80000295,22
2015-02-22,4,finishing,Sunday,12,0.8,5.13,0.0,2400,0,0.0,0,0,10,0.78375,22
2015-02-22,4,finishing,Sunday,9,0.8,3.94,0.0,2400,0,0.0,0,0,10,0.753525,22
2015-02-22,4,sewing,Sunday,6,0.75,18.79,1055.0,3960,45,0.0,0,0,33,0.75065101,22
2015-02-22,4,finishing,Sunday,1,0.8,3.94,0.0,2880,0,0.0,0,0,12,0.727349537,22
2015-02-22,4,sewing,Sunday,8,0.7,29.4,1146.0,6840,40,0.0,0,2,57,0.700614035,22
2015-02-22,4,sewing,Sunday,2,0.7,30.33,746.0,6840,0,0.0,0,1,57,0.700605263,22
2015-02-22,4,sewing,Sunday,11,0.75,11.41,834.0,3480,0,0.0,0,2,58,0.672140805,22
2015-02-22,4,sewing,Sunday,9,0.7,18.79,1717.0,3240,30,0.0,0,1,57,0.627011183,22
2015-02-22,4,sewing,Sunday,3,0.7,30.1,1041.0,8160,33,0.0,0,2,58,0.626577778,22
2015-02-22,4,sewing,Sunday,10,0.7,21.25,1531.0,6000,0,0.0,0,1,50,0.456875,22
2015-02-22,4,sewing,Sunday,7,0.75,30.1,627.0,6960,0,3.5,20,1,58,0.393548851,22
2015-02-22,4,finishing,Sunday,10,0.8,3.94,0.0,960,0,0.0,0,0,8,0.385791667,22
2015-02-22,4,sewing,Sunday,5,0.8,30.1,450.0,5700,0,4.5,25,0,60,0.307501459,22
2015-02-22,4,finishing,Sunday,7,0.7,5.13,0.0,960,0,0.0,0,0,8,0.283958333,22
2015-02-23,4,finishing,Monday,10,0.8,3.94,0.0,2400,0,0.0,0,0,20,0.955791667,23
2015-02-23,4,finishing,Monday,8,0.7,5.13,0.0,960,0,0.0,0,0,8,0.930416667,23
2015-02-23,4,finishing,Monday,12,0.8,5.13,0.0,1080,0,0.0,0,0,9,0.9025,23
2015-02-23,4,finishing,Monday,3,0.8,5.13,0.0,2160,0,0.0,0,0,18,0.87115,23
2015-02-23,4,sewing,Monday,12,0.8,15.26,1060.0,4080,63,0.0,0,0,34,0.800401961,23
2015-02-23,4,sewing,Monday,4,0.8,30.1,891.0,7140,38,0.0,0,1,59,0.800137255,23
2015-02-23,4,sewing,Monday,5,0.8,30.1,541.0,7140,38,0.0,0,0,59,0.800137255,23
2015-02-23,4,sewing,Monday,7,0.75,30.1,709.0,6960,45,0.0,0,1,58,0.750770115,23
2015-02-23,4,sewing,Monday,6,0.75,18.79,1100.0,3960,45,0.0,0,0,33,0.75065101,23
2015-02-23,4,sewing,Monday,11,0.75,11.41,826.0,2820,0,0.0,0,2,58,0.750293939,23
2015-02-23,4,sewing,Monday,2,0.7,30.33,577.0,2160,30,0.0,0,1,58,0.700623,23
2015-02-23,4,sewing,Monday,8,0.7,29.4,1094.0,6840,40,0.0,0,2,57,0.700614035,23
2015-02-23,4,sewing,Monday,3,0.7,29.4,1228.0,6960,30,0.0,0,2,58,0.700362069,23
2015-02-23,4,sewing,Monday,9,0.7,18.79,1641.0,6000,40,0.0,0,1,50,0.60128,23
2015-02-23,4,sewing,Monday,10,0.7,21.25,1583.0,6000,0,0.0,0,1,50,0.417916667,23
2015-02-23,4,finishing,Monday,6,0.8,2.9,0.0,960,0,0.0,0,0,8,0.3715625,23
2015-02-23,4,finishing,Monday,9,0.8,2.9,0.0,960,0,0.0,0,0,8,0.3715625,23
2015-02-23,4,finishing,Monday,2,0.8,5.13,0.0,960,0,0.0,0,0,8,0.36871875,23
2015-02-23,4,finishing,Monday,7,0.7,5.13,0.0,960,0,0.0,0,0,8,0.356458333,23
2015-02-24,4,finishing,Tuesday,10,0.7,2.9,0.0,1800,0,0.0,0,0,15,0.902222222,24
2015-02-24,4,finishing,Tuesday,3,0.8,4.6,0.0,1440,0,0.0,0,0,12,0.811388889,24
2015-02-24,4,sewing,Tuesday,12,0.8,15.26,1062.0,4080,50,0.0,0,0,34,0.800401961,24
2015-02-24,4,sewing,Tuesday,5,0.8,30.1,450.0,7140,50,0.0,0,0,60,0.800137255,24
2015-02-24,4,sewing,Tuesday,4,0.8,30.1,901.0,6480,50,0.0,0,1,59,0.800071839,24
2015-02-24,4,finishing,Tuesday,8,0.7,4.6,0.0,960,0,0.0,0,0,8,0.791458333,24
2015-02-24,4,sewing,Tuesday,7,0.75,30.1,739.0,5640,45,0.0,0,1,59,0.750727326,24
2015-02-24,4,sewing,Tuesday,6,0.75,18.79,913.0,3360,45,0.0,0,0,33,0.75065101,24
2015-02-24,4,sewing,Tuesday,11,0.75,11.61,698.0,3360,34,0.0,0,2,57,0.750437269,24
2015-02-24,4,sewing,Tuesday,3,0.75,29.4,1172.0,5340,45,0.0,0,2,60,0.750176991,24
2015-02-24,4,finishing,Tuesday,6,0.75,2.9,0.0,1800,0,0.0,0,0,15,0.726933333,24
2015-02-24,4,finishing,Tuesday,9,0.7,2.9,0.0,1800,0,0.0,0,0,15,0.726933333,24
2015-02-24,4,sewing,Tuesday,2,0.7,30.33,408.0,1680,30,0.0,0,1,59,0.700623,24
2015-02-24,4,sewing,Tuesday,8,0.7,29.4,1079.0,4560,40,0.0,0,2,58,0.700518519,24
2015-02-24,4,sewing,Tuesday,9,0.7,18.79,1068.0,3000,30,0.0,0,1,52,0.700256795,24
2015-02-24,4,finishing,Tuesday,11,0.7,2.9,0.0,960,0,0.0,0,0,8,0.5046875,24
2015-02-24,4,sewing,Tuesday,10,0.7,21.25,1834.0,6360,0,0.0,0,1,53,0.471108491,24
2015-02-24,4,finishing,Tuesday,2,0.7,3.9,0.0,960,0,0.0,0,0,8,0.325,24
2015-02-24,4,sewing,Tuesday,1,0.6,22.53,708.0,5040,0,0.0,0,1,42,0.268214286,24
2015-02-25,4,sewing,Wednesday,9,0.75,18.79,1085.0,6240,56,0.0,0,1,52,0.970816667,25
2015-02-25,4,finishing,Wednesday,5,0.8,4.6,0.0,1080,0,0.0,0,0,9,0.902962963,25
2015-02-25,4,finishing,Wednesday,3,0.8,4.6,0.0,2400,0,0.0,0,0,20,0.900833333,25
2015-02-25,4,finishing,Wednesday,12,0.8,4.6,0.0,1800,0,0.0,0,0,15,0.899555556,25
2015-02-25,4,finishing,Wednesday,10,0.7,2.9,0.0,1200,0,0.0,0,0,10,0.845833333,25
2015-02-25,4,sewing,Wednesday,4,0.8,30.1,323.0,4080,50,0.0,0,1,59,0.800808642,25
2015-02-25,4,sewing,Wednesday,12,0.8,15.26,1053.0,4080,50,0.0,0,0,34,0.800401961,25
2015-02-25,4,sewing,Wednesday,7,0.8,30.1,786.0,7080,50,0.0,0,2,59,0.800115819,25
2015-02-25,4,sewing,Wednesday,6,0.75,18.79,1003.0,3960,45,0.0,0,1,33,0.75065101,25
2015-02-25,4,sewing,Wednesday,11,0.75,11.61,635.0,3360,45,0.0,0,0,57,0.750503571,25
2015-02-25,4,sewing,Wednesday,3,0.75,29.4,1283.0,6960,45,0.0,0,2,58,0.750206897,25
2015-02-25,4,sewing,Wednesday,8,0.7,29.4,847.0,6960,30,0.0,0,1,58,0.700362069,25
2015-02-25,4,sewing,Wednesday,2,0.7,30.33,361.0,3960,30,0.0,0,1,58,0.700069811,25
2015-02-25,4,sewing,Wednesday,10,0.7,21.82,1653.0,6240,0,0.0,0,2,52,0.700058333,25
2015-02-25,4,finishing,Wednesday,7,0.75,4.6,0.0,960,0,0.0,0,0,8,0.676666667,25
2015-02-25,4,finishing,Wednesday,8,0.7,4.6,0.0,960,0,0.0,0,0,8,0.658541667,25
2015-02-25,4,sewing,Wednesday,5,0.8,30.1,15.0,1200,49,0.0,0,1,59,0.598792339,25
2015-02-25,4,sewing,Wednesday,1,0.65,22.53,762.0,5040,0,0.0,0,1,42,0.581130952,25
2015-02-25,4,finishing,Wednesday,2,0.7,3.9,0.0,960,0,0.0,0,0,8,0.440375,25
2015-02-25,4,finishing,Wednesday,6,0.75,2.9,0.0,960,0,0.0,0,0,8,0.410833333,25
2015-02-25,4,finishing,Wednesday,9,0.7,2.9,0.0,960,0,0.0,0,0,8,0.410833333,25
2015-02-26,4,finishing,Thursday,3,0.8,4.6,0.0,6300,0,0.0,0,0,15,0.921703704,26
2015-02-26,4,finishing,Thursday,5,0.8,4.6,0.0,7560,0,0.0,0,0,18,0.921604938,26
2015-02-26,4,sewing,Thursday,7,0.8,30.1,694.0,4080,50,0.0,0,1,59,0.800808642,26
2015-02-26,4,sewing,Thursday,11,0.8,11.61,816.0,2820,50,0.0,0,2,57,0.800516667,26
2015-02-26,4,sewing,Thursday,12,0.8,15.26,1065.0,4080,63,0.0,0,0,34,0.800401961,26
2015-02-26,4,finishing,Thursday,1,0.5,3.94,0.0,3360,0,0.0,0,0,8,0.768847222,26
2015-02-26,4,sewing,Thursday,6,0.75,18.79,912.0,3960,45,0.0,0,0,33,0.75065101,26
2015-02-26,4,sewing,Thursday,3,0.75,29.4,1244.0,6840,45,0.0,0,2,57,0.750473684,26
2015-02-26,4,sewing,Thursday,9,0.75,18.79,1020.0,5640,45,0.0,0,1,52,0.750371895,26
2015-02-26,4,sewing,Thursday,8,0.75,29.4,916.0,6960,56,0.0,0,2,58,0.750206897,26
2015-02-26,4,sewing,Thursday,10,0.7,21.82,1591.0,3240,0,0.0,0,1,52,0.700251773,26
2015-02-26,4,sewing,Thursday,2,0.7,30.33,398.0,6960,0,0.0,0,1,58,0.66237931,26
2015-02-26,4,finishing,Thursday,12,0.8,4.6,0.0,3780,0,0.0,0,0,9,0.590617284,26
2015-02-26,4,finishing,Thursday,2,0.7,3.9,0.0,960,0,0.0,0,0,8,0.5565625,26
2015-02-26,4,sewing,Thursday,4,0.8,30.1,437.0,7080,32,0.0,0,2,59,0.495617514,26
2015-02-26,4,sewing,Thursday,5,0.35,27.48,413.0,6840,38,0.0,0,1,57,0.449964912,26
2015-02-26,4,finishing,Thursday,10,0.7,2.9,0.0,3360,0,0.0,0,0,8,0.410833333,26
2015-02-26,4,finishing,Thursday,9,0.75,2.9,0.0,960,0,0.0,0,0,8,0.4078125,26
2015-02-26,4,sewing,Thursday,1,0.35,26.66,1164.0,6600,23,0.0,0,2,55,0.378895152,26
2015-02-26,4,finishing,Thursday,8,0.75,4.6,0.0,3360,0,0.0,0,0,8,0.376597222,26
2015-02-26,4,finishing,Thursday,6,0.75,2.9,0.0,3360,0,0.0,0,0,8,0.271875,26
2015-02-28,4,finishing,Saturday,3,0.8,4.6,0.0,6300,0,0.0,0,0,15,0.921703704,28
2015-02-28,4,finishing,Saturday,5,0.8,4.6,0.0,7560,0,0.0,0,0,18,0.921604938,28
2015-02-28,4,sewing,Saturday,11,0.8,11.61,954.0,0,50,0.0,0,2,58,0.800779018,28
2015-02-28,4,sewing,Saturday,12,0.8,15.26,1194.0,1700,62,0.0,0,0,34,0.800260821,28
2015-02-28,4,sewing,Saturday,7,0.8,30.1,644.0,840,38,0.0,0,1,59,0.799982853,28
2015-02-28,4,finishing,Saturday,1,0.5,3.94,0.0,3360,0,0.0,0,0,8,0.768847222,28
2015-02-28,4,sewing,Saturday,3,0.75,29.4,1144.0,4440,45,0.0,0,2,57,0.750716981,28
2015-02-28,4,sewing,Saturday,6,0.75,18.79,1012.0,3960,45,0.0,0,0,33,0.75065101,28
2015-02-28,4,sewing,Saturday,8,0.75,29.4,792.0,4560,56,0.0,0,2,58,0.750425926,28
2015-02-28,4,sewing,Saturday,9,0.75,18.79,841.0,6240,45,0.0,0,1,52,0.750395513,28
2015-02-28,4,sewing,Saturday,10,0.7,21.82,1448.0,6120,40,0.0,0,1,51,0.700236601,28
2015-02-28,4,sewing,Saturday,2,0.7,30.33,512.0,4560,0,0.0,0,1,58,0.700211111,28
2015-02-28,4,finishing,Saturday,12,0.8,4.6,0.0,3780,0,0.0,0,0,9,0.590617284,28
2015-02-28,4,finishing,Saturday,2,0.7,3.9,0.0,960,0,0.0,0,0,8,0.5565625,28
2015-02-28,4,sewing,Saturday,5,0.5,27.48,609.0,6840,30,0.0,0,1,57,0.550403509,28
2015-02-28,4,sewing,Saturday,1,0.5,26.66,1448.0,6840,30,0.0,0,2,57,0.550349708,28
2015-02-28,4,sewing,Saturday,4,0.5,26.66,556.0,6960,23,0.0,0,2,58,0.500258046,28
2015-02-28,4,finishing,Saturday,10,0.7,2.9,0.0,3360,0,0.0,0,0,8,0.410833333,28
2015-02-28,4,finishing,Saturday,9,0.75,2.9,0.0,960,0,0.0,0,0,8,0.4078125,28
2015-02-28,4,finishing,Saturday,8,0.75,4.6,0.0,3360,0,0.0,0,0,8,0.376597222,28
2015-02-28,4,finishing,Saturday,6,0.75,2.9,0.0,3360,0,0.0,0,0,8,0.271875,28
2015-03-01,1,finishing,Sunday,3,0.8,4.6,0.0,10500,0,0.0,0,0,25,0.936355556,1
2015-03-01,1,finishing,Sunday,8,0.75,4.6,0.0,3360,0,0.0,0,0,8,0.813611111,1
2015-03-01,1,sewing,Sunday,12,0.8,15.26,1106.0,4080,63,0.0,0,0,34,0.800401961,1
2015-03-01,1,sewing,Sunday,8,0.75,29.4,622.0,6240,56,0.0,0,0,57,0.75075,1
2015-03-01,1,sewing,Sunday,6,0.75,18.79,1193.0,3960,45,0.0,0,0,33,0.75065101,1
2015-03-01,1,sewing,Sunday,3,0.75,29.4,1143.0,6840,45,0.0,0,0,57,0.750473684,1
2015-03-01,1,sewing,Sunday,9,0.75,18.79,895.0,6240,34,0.0,0,0,52,0.750395513,1
2015-03-01,1,sewing,Sunday,5,0.6,27.48,549.0,6720,38,0.0,0,0,56,0.707446429,1
2015-03-01,1,sewing,Sunday,10,0.7,21.82,1393.0,5640,30,0.0,0,0,52,0.700236601,1
2015-03-01,1,sewing,Sunday,1,0.6,26.66,1578.0,6840,38,0.0,0,0,57,0.700019883,1
2015-03-01,1,sewing,Sunday,2,0.7,30.33,254.0,1800,0,0.0,0,0,58,0.683550607,1
2015-03-01,1,sewing,Sunday,11,0.8,11.61,347.0,0,50,4.0,20,0,57,0.682433036,1
2015-03-01,1,finishing,Sunday,4,0.6,3.94,0.0,960,0,0.0,0,0,8,0.673083333,1
2015-03-01,1,finishing,Sunday,10,0.7,2.9,0.0,3360,0,0.0,0,0,8,0.664583333,1
2015-03-01,1,sewing,Sunday,4,0.6,26.66,692.0,6840,23,0.0,0,0,57,0.600239766,1
2015-03-01,1,finishing,Sunday,2,0.7,3.9,0.0,960,0,0.0,0,0,8,0.585,1
2015-03-01,1,sewing,Sunday,7,0.8,30.1,934.0,6960,0,3.5,15,0,58,0.579511494,1
2015-03-01,1,finishing,Sunday,1,0.6,3.94,0.0,3360,0,0.0,0,0,8,0.448722222,1
2015-03-01,1,finishing,Sunday,9,0.75,2.9,0.0,960,0,0.0,0,0,8,0.447083333,1
2015-03-01,1,finishing,Sunday,7,0.8,4.6,0.0,3360,0,0.0,0,0,8,0.350416667,1
2015-03-02,1,finishing,Monday,2,0.7,3.9,0.0,1200,0,0.0,0,0,10,0.92885,2
2015-03-02,1,finishing,Monday,3,0.8,4.6,0.0,10080,0,0.0,0,0,24,0.86037037,2
2015-03-02,1,finishing,Monday,4,0.65,3.94,0.0,960,0,0.0,0,0,8,0.806879167,2
2015-03-02,1,sewing,Monday,1,0.65,26.66,1527.0,6840,65,0.0,0,0,57,0.800579532,2
2015-03-02,1,sewing,Monday,12,0.8,15.26,1035.0,4080,63,0.0,0,0,34,0.800401961,2
2015-03-02,1,finishing,Monday,9,0.75,2.9,0.0,1200,0,0.0,0,0,10,0.8004,2
2015-03-02,1,sewing,Monday,11,0.8,11.61,632.0,0,50,0.0,0,0,57,0.800309211,2
2015-03-02,1,sewing,Monday,3,0.8,29.4,1231.0,4680,50,0.0,0,0,57,0.800149813,2
2015-03-02,1,sewing,Monday,7,0.8,30.1,616.0,7080,0,0.0,0,0,59,0.800115819,2
2015-03-02,1,finishing,Monday,8,0.75,4.6,0.0,3360,0,0.0,0,0,8,0.773333333,2
2015-03-02,1,sewing,Monday,6,0.75,18.79,947.0,2880,34,0.0,0,0,33,0.750797009,2
2015-03-02,1,sewing,Monday,8,0.75,29.4,551.0,6840,45,0.0,0,0,57,0.750473684,2
2015-03-02,1,sewing,Monday,9,0.75,18.79,935.0,6240,45,0.0,0,0,52,0.750395513,2
2015-03-02,1,sewing,Monday,4,0.65,26.66,832.0,6780,55,0.0,0,0,57,0.750254867,2
2015-03-02,1,sewing,Monday,5,0.65,27.48,544.0,6720,34,0.0,0,0,56,0.700903571,2
2015-03-02,1,sewing,Monday,10,0.7,21.82,1511.0,3600,30,0.0,0,0,51,0.70013604,2
2015-03-02,1,finishing,Monday,10,0.7,2.9,0.0,3360,0,0.0,0,0,8,0.632361111,2
2015-03-02,1,finishing,Monday,12,0.8,4.6,0.0,3780,0,0.0,0,0,9,0.607654321,2
2015-03-02,1,finishing,Monday,1,0.65,3.94,0.0,3360,0,0.0,0,0,8,0.537919444,2
2015-03-02,1,finishing,Monday,7,0.8,4.6,0.0,3360,0,0.0,0,0,8,0.342361111,2
2015-03-03,1,finishing,Tuesday,7,0.8,4.6,0.0,4200,0,0.0,0,0,10,0.999533333,3
2015-03-03,1,finishing,Tuesday,3,0.8,4.6,0.0,6300,0,0.0,0,0,15,0.902962963,3
2015-03-03,1,sewing,Tuesday,11,0.8,11.41,601.0,0,50,0.0,0,0,56,0.800701754,3
2015-03-03,1,sewing,Tuesday,1,0.7,26.66,1562.0,6960,60,0.0,0,0,58,0.800566092,3
2015-03-03,1,sewing,Tuesday,12,0.8,15.26,983.0,4080,50,0.0,0,0,34,0.800401961,3
2015-03-03,1,sewing,Tuesday,3,0.8,29.4,1156.0,6840,50,0.0,0,0,57,0.800333333,3
2015-03-03,1,sewing,Tuesday,7,0.8,30.1,29.0,7080,50,0.0,0,0,59,0.800115819,3
2015-03-03,1,sewing,Tuesday,4,0.7,26.66,950.0,6960,50,0.0,0,0,58,0.750770115,3
2015-03-03,1,sewing,Tuesday,8,0.75,29.4,534.0,6840,56,0.0,0,0,57,0.750473684,3
2015-03-03,1,sewing,Tuesday,9,0.75,18.79,1096.0,6240,34,0.0,0,0,52,0.750395513,3
2015-03-03,1,sewing,Tuesday,6,0.75,20.2,402.0,3120,45,0.0,0,0,33,0.750212553,3
2015-03-03,1,finishing,Tuesday,8,0.75,4.6,0.0,3360,0,0.0,0,0,8,0.702777778,3
2015-03-03,1,sewing,Tuesday,5,0.7,27.48,573.0,6840,30,0.0,0,0,57,0.700659649,3
2015-03-03,1,sewing,Tuesday,10,0.7,21.82,1313.0,5040,30,0.0,0,0,51,0.699984417,3
2015-03-03,1,finishing,Tuesday,12,0.8,4.6,0.0,3780,0,0.0,0,0,9,0.636049383,3
2015-03-03,1,finishing,Tuesday,2,0.4,3.9,0.0,6300,0,0.0,0,0,15,0.567377778,3
2015-03-03,1,finishing,Tuesday,1,0.7,3.94,0.0,3360,0,0.0,0,0,8,0.555430556,3
2015-03-03,1,finishing,Tuesday,4,0.7,3.94,0.0,3360,0,0.0,0,0,8,0.555430556,3
2015-03-03,1,finishing,Tuesday,10,0.7,2.9,0.0,3360,0,0.0,0,0,8,0.463194444,3
2015-03-03,1,finishing,Tuesday,5,0.7,4.6,0.0,3360,0,0.0,0,0,8,0.354444444,3
2015-03-03,1,finishing,Tuesday,6,0.75,2.9,0.0,3360,0,0.0,0,0,8,0.309333333,3
2015-03-03,1,sewing,Tuesday,2,0.4,15.28,157.0,5400,0,6.5,30,1,45,0.30277037,3
2015-03-04,1,finishing,Wednesday,3,0.8,4.6,0.0,1200,0,0.0,0,0,10,0.939166667,4
2015-03-04,1,finishing,Wednesday,8,0.8,4.6,0.0,960,0,0.0,0,0,8,0.930416667,4
2015-03-04,1,finishing,Wednesday,12,0.8,4.6,0.0,1080,0,0.0,0,0,9,0.885925926,4
2015-03-04,1,finishing,Wednesday,9,0.75,2.9,0.0,960,0,0.0,0,0,8,0.83375,4
2015-03-04,1,finishing,Wednesday,1,0.7,3.94,0.0,960,0,0.0,0,0,8,0.806879167,4
2015-03-04,1,finishing,Wednesday,4,0.7,3.94,0.0,960,0,0.0,0,0,8,0.806058333,4
2015-03-04,1,sewing,Wednesday,11,0.8,11.41,433.0,0,38,0.0,0,0,56,0.800701754,4
2015-03-04,1,sewing,Wednesday,12,0.8,15.26,961.0,4080,50,0.0,0,0,34,0.800401961,4
2015-03-04,1,sewing,Wednesday,3,0.8,29.4,1169.0,6840,63,0.0,0,0,57,0.800333333,4
2015-03-04,1,sewing,Wednesday,7,0.8,30.1,874.0,3960,50,0.0,0,0,59,0.800055762,4
2015-03-04,1,sewing,Wednesday,4,0.7,26.82,1028.0,6960,60,0.0,0,0,58,0.799975862,4
2015-03-04,1,sewing,Wednesday,1,0.7,26.82,1772.0,6960,50,0.0,0,0,58,0.750651724,4
2015-03-04,1,sewing,Wednesday,9,0.75,18.79,1206.0,6240,34,0.0,0,0,52,0.750395513,4
2015-03-04,1,sewing,Wednesday,5,0.7,27.48,586.0,6960,40,0.0,0,0,58,0.700424138,4
2015-03-04,1,sewing,Wednesday,10,0.7,21.82,1334.0,5760,30,0.0,0,0,53,0.700058333,4
2015-03-04,1,finishing,Wednesday,7,0.8,4.6,0.0,8400,0,0.0,0,0,20,0.684888889,4
2015-03-04,1,finishing,Wednesday,5,0.7,4.6,0.0,960,0,0.0,0,0,8,0.592083333,4
2015-03-04,1,finishing,Wednesday,2,0.5,3.9,0.0,960,0,0.0,0,0,8,0.5403125,4
2015-03-04,1,sewing,Wednesday,8,0.8,29.4,30.0,6840,0,0.0,0,0,57,0.433263158,4
2015-03-04,1,sewing,Wednesday,2,0.5,15.28,261.0,5520,0,0.0,0,1,46,0.404144928,4
2015-03-04,1,sewing,Wednesday,6,0.75,18.79,52.0,3960,0,0.0,0,0,33,0.332146465,4
2015-03-05,1,finishing,Thursday,8,0.8,4.6,0.0,2640,0,0.0,0,0,22,0.980984848,5
2015-03-05,1,finishing,Thursday,2,0.6,3.9,0.0,960,0,0.0,0,0,8,0.950625,5
2015-03-05,1,finishing,Thursday,11,0.8,2.9,0.0,1200,0,0.0,0,0,10,0.927291667,5
2015-03-05,1,finishing,Thursday,12,0.8,4.6,0.0,1080,0,0.0,0,0,9,0.868888889,5
2015-03-05,1,finishing,Thursday,1,0.7,3.94,0.0,960,0,0.0,0,0,8,0.812625,5
2015-03-05,1,finishing,Thursday,4,0.7,3.94,0.0,960,0,0.0,0,0,8,0.812625,5
2015-03-05,1,finishing,Thursday,3,0.8,4.6,0.0,1800,0,0.0,0,0,15,0.810111111,5
2015-03-05,1,sewing,Thursday,11,0.8,11.41,455.0,3420,50,0.0,0,0,56,0.800701754,5
2015-03-05,1,sewing,Thursday,3,0.8,29.4,797.0,1800,63,0.0,0,0,57,0.800534979,5
2015-03-05,1,sewing,Thursday,12,0.8,15.26,959.0,4080,50,0.0,0,0,34,0.800401961,5
2015-03-05,1,sewing,Thursday,1,0.7,26.82,1373.0,6960,50,0.0,0,0,58,0.750651724,5
2015-03-05,1,sewing,Thursday,9,0.75,18.79,1228.0,6240,45,0.0,0,0,52,0.750395513,5
2015-03-05,1,sewing,Thursday,4,0.7,26.82,1117.0,7080,50,0.0,0,0,59,0.750050847,5
2015-03-05,1,sewing,Thursday,5,0.7,27.48,230.0,6960,40,0.0,0,0,58,0.700424138,5
2015-03-05,1,sewing,Thursday,10,0.7,21.82,1390.0,6000,30,0.0,0,0,50,0.700422,5
2015-03-05,1,sewing,Thursday,2,0.6,15.28,529.0,1320,0,0.0,0,1,46,0.600099145,5
2015-03-05,1,finishing,Thursday,9,0.75,2.9,0.0,960,0,0.0,0,0,8,0.453125,5
2015-03-05,1,sewing,Thursday,7,0.8,30.1,834.0,1200,0,4.0,40,0,59,0.366053523,5
2015-03-05,1,sewing,Thursday,6,0.35,22.53,1450.0,2640,0,0.0,0,1,39,0.26369382,5
2015-03-07,1,finishing,Saturday,12,0.8,4.6,0.0,1080,0,0.0,0,0,9,0.868888889,7
2015-03-07,1,sewing,Saturday,12,0.8,15.26,986.0,4080,75,0.0,0,0,34,0.850520588,7
2015-03-07,1,sewing,Saturday,1,0.7,26.82,1267.0,8160,70,0.0,0,0,58,0.850045,7
2015-03-07,1,finishing,Saturday,7,0.8,4.6,0.0,6000,0,0.0,0,0,25,0.825444444,7
2015-03-07,1,finishing,Saturday,5,0.35,3.94,0.0,2400,0,0.0,0,0,10,0.80575,7
2015-03-07,1,sewing,Saturday,4,0.7,26.82,1195.0,6960,60,0.0,0,0,58,0.800746552,7
2015-03-07,1,sewing,Saturday,3,0.8,29.4,983.0,6840,63,0.0,0,1,57,0.800578947,7
2015-03-07,1,sewing,Saturday,11,0.8,11.41,471.0,3420,50,0.0,0,0,58,0.800034503,7
2015-03-07,1,finishing,Saturday,6,0.5,2.9,0.0,960,0,0.0,0,0,8,0.7975,7
2015-03-07,1,sewing,Saturday,9,0.75,18.79,1226.0,3480,45,0.0,0,0,51,0.749987124,7
2015-03-07,1,sewing,Saturday,10,0.7,21.82,1251.0,6000,30,0.0,0,0,50,0.700422,7
2015-03-07,1,finishing,Saturday,1,0.7,3.94,0.0,960,0,0.0,0,0,8,0.664875,7
2015-03-07,1,finishing,Saturday,4,0.7,3.94,0.0,960,0,0.0,0,0,8,0.664875,7
2015-03-07,1,finishing,Saturday,11,0.8,2.9,0.0,960,0,0.0,0,0,8,0.657083333,7
2015-03-07,1,sewing,Saturday,2,0.65,16.1,626.0,4200,0,0.0,0,1,45,0.65024031,7
2015-03-07,1,finishing,Saturday,8,0.8,4.6,0.0,3600,0,0.0,0,0,15,0.590740741,7
2015-03-07,1,finishing,Saturday,2,0.65,3.9,0.0,1920,0,0.0,0,0,8,0.528125,7
2015-03-07,1,sewing,Saturday,6,0.5,23.41,1379.0,2280,0,0.0,0,1,39,0.500528095,7
2015-03-07,1,sewing,Saturday,5,0.7,27.48,541.0,6960,24,0.0,0,1,58,0.408960345,7
2015-03-08,2,finishing,Sunday,3,0.8,4.6,0.0,1440,0,0.0,0,0,12,0.951944444,8
2015-03-08,2,finishing,Sunday,12,0.8,4.6,0.0,1080,0,0.0,0,0,9,0.945555556,8
2015-03-08,2,finishing,Sunday,9,0.75,2.9,0.0,1080,0,0.0,0,0,9,0.929074074,8
2015-03-08,2,finishing,Sunday,1,0.75,3.94,0.0,960,0,0.0,0,0,8,0.890604167,8
2015-03-08,2,finishing,Sunday,4,0.75,3.94,0.0,960,0,0.0,0,0,8,0.890604167,8
2015-03-08,2,finishing,Sunday,2,0.7,3.9,0.0,1200,0,0.0,0,0,10,0.884,8
2015-03-08,2,finishing,Sunday,5,0.5,3.94,0.0,960,0,0.0,0,0,8,0.857916667,8
2015-03-08,2,sewing,Sunday,4,0.75,26.82,1082.0,6840,65,0.0,0,0,57,0.850084211,8
2015-03-08,2,sewing,Sunday,1,0.75,26.82,1254.0,6960,65,0.0,0,0,58,0.85007069,8
2015-03-08,2,sewing,Sunday,3,0.8,30.1,1278.0,3360,50,0.0,0,1,57,0.800511068,8
2015-03-08,2,sewing,Sunday,12,0.8,15.26,1064.0,4080,63,0.0,0,0,34,0.800401961,8
2015-03-08,2,sewing,Sunday,11,0.8,11.41,313.0,3420,50,0.0,0,0,58,0.800034503,8
2015-03-08,2,finishing,Sunday,11,0.8,2.9,0.0,960,0,0.0,0,0,8,0.755208333,8
2015-03-08,2,sewing,Sunday,9,0.75,18.79,1239.0,5640,45,0.0,0,0,52,0.750371895,8
2015-03-08,2,sewing,Sunday,10,0.7,21.82,1335.0,6000,30,0.0,0,0,50,0.700422,8
2015-03-08,2,sewing,Sunday,2,0.7,16.1,928.0,4800,30,0.0,0,1,45,0.700106061,8
2015-03-08,2,sewing,Sunday,6,0.6,23.41,1266.0,2520,23,0.0,0,1,38,0.601037091,8
2015-03-08,2,sewing,Sunday,8,0.6,30.48,869.0,6720,0,0.0,0,1,56,0.600528571,8
2015-03-08,2,sewing,Sunday,5,0.5,26.82,711.0,7080,23,0.0,0,1,59,0.500033898,8
2015-03-08,2,finishing,Sunday,8,0.6,3.9,0.0,960,0,0.0,0,0,8,0.4509375,8
2015-03-08,2,finishing,Sunday,10,0.7,2.9,0.0,960,0,0.0,0,0,8,0.441041667,8
2015-03-08,2,finishing,Sunday,6,0.6,2.9,0.0,960,0,0.0,0,0,8,0.271875,8
2015-03-09,2,finishing,Monday,11,0.8,2.9,0.0,0,960,0.0,0,0,8,0.960625,9
2015-03-09,2,finishing,Monday,12,0.8,4.6,0.0,0,1080,0.0,0,0,9,0.902962963,9
2015-03-09,2,finishing,Monday,5,0.6,3.94,0.0,0,2880,0.0,0,0,12,0.864342593,9
2015-03-09,2,sewing,Monday,4,0.75,26.82,1079.0,7020,65,0.0,0,0,58,0.850446154,9
2015-03-09,2,sewing,Monday,1,0.75,26.82,1322.0,7140,65,0.0,0,0,59,0.850426891,9
2015-03-09,2,finishing,Monday,9,0.75,2.9,0.0,0,3600,0.0,0,0,15,0.841,9
2015-03-09,2,sewing,Monday,3,0.8,30.1,964.0,5160,50,0.0,0,1,58,0.800842424,9
2015-03-09,2,sewing,Monday,12,0.8,15.26,1132.0,4080,63,0.0,0,0,34,0.800401961,9
2015-03-09,2,sewing,Monday,11,0.8,11.41,357.0,3420,50,0.0,0,0,58,0.800034503,9
2015-03-09,2,finishing,Monday,3,0.8,4.6,0.0,0,1440,0.0,0,0,12,0.795416667,9
2015-03-09,2,finishing,Monday,4,0.75,3.94,0.0,0,960,0.0,0,0,8,0.7953875,9
2015-03-09,2,finishing,Monday,1,0.75,3.94,0.0,0,960,0.0,0,0,8,0.794566667,9
2015-03-09,2,sewing,Monday,9,0.75,18.79,1193.0,6240,45,0.0,0,0,52,0.750395513,9
2015-03-09,2,sewing,Monday,2,0.7,16.1,817.0,5520,30,0.0,0,1,45,0.700516224,9
2015-03-09,2,sewing,Monday,10,0.7,21.82,1576.0,6000,30,0.0,0,0,50,0.700422,9
2015-03-09,2,finishing,Monday,2,0.7,3.9,0.0,0,1200,0.0,0,0,10,0.6825,9
2015-03-09,2,sewing,Monday,6,0.65,23.41,1262.0,4560,35,0.0,0,1,38,0.650962281,9
2015-03-09,2,sewing,Monday,8,0.65,30.48,953.0,6720,26,0.0,0,1,56,0.650421429,9
2015-03-09,2,sewing,Monday,5,0.6,26.82,919.0,7080,23,0.0,0,1,59,0.600040678,9
2015-03-09,2,sewing,Monday,7,0.5,30.48,1161.0,6600,0,0.0,0,1,55,0.500610909,9
2015-03-09,2,finishing,Monday,10,0.7,2.9,0.0,0,960,0.0,0,0,8,0.477291667,9
2015-03-09,2,finishing,Monday,8,0.65,3.9,0.0,0,960,0.0,0,0,8,0.2640625,9
2015-03-10,2,finishing,Tuesday,12,0.8,4.6,0.0,1080,0,0.0,0,0,9,0.92,10
2015-03-10,2,finishing,Tuesday,5,0.6,3.94,0.0,1440,0,0.0,0,0,12,0.909391667,10
2015-03-10,2,sewing,Tuesday,1,0.75,26.82,1574.0,7080,75,0.0,0,0,59,0.900061017,10
2015-03-10,2,finishing,Tuesday,3,0.8,4.6,0.0,1440,0,0.0,0,0,12,0.894444444,10
2015-03-10,2,finishing,Tuesday,4,0.75,3.94,0.0,960,0,0.0,0,0,8,0.881575,10
2015-03-10,2,finishing,Tuesday,1,0.75,3.94,0.0,960,0,0.0,0,0,8,0.880754167,10
2015-03-10,2,sewing,Tuesday,4,0.75,26.82,1104.0,5880,65,0.0,0,0,59,0.850084211,10
2015-03-10,2,finishing,Tuesday,9,0.75,2.9,0.0,1800,0,0.0,0,0,15,0.821666667,10
2015-03-10,2,sewing,Tuesday,12,0.8,15.26,1069.0,4080,63,0.0,0,0,34,0.800401961,10
2015-03-10,2,sewing,Tuesday,3,0.8,30.1,756.0,6960,63,0.0,0,1,58,0.800071839,10
2015-03-10,2,sewing,Tuesday,11,0.8,11.41,338.0,3420,50,0.0,0,0,58,0.800034503,10
2015-03-10,2,finishing,Tuesday,11,0.8,2.9,0.0,960,0,0.0,0,0,8,0.758229167,10
2015-03-10,2,sewing,Tuesday,10,0.75,21.82,1499.0,6000,34,0.0,0,0,50,0.750608,10
2015-03-10,2,sewing,Tuesday,9,0.75,18.79,1247.0,6240,45,0.0,0,0,52,0.750395513,10
2015-03-10,2,finishing,Tuesday,2,0.7,3.9,0.0,960,0,0.0,0,0,8,0.741,10
2015-03-10,2,sewing,Tuesday,8,0.7,30.48,923.0,6840,30,0.0,0,1,57,0.700505263,10
2015-03-10,2,sewing,Tuesday,6,0.7,23.41,1180.0,4560,30,0.0,0,1,38,0.700246491,10
2015-03-10,2,sewing,Tuesday,2,0.7,16.1,957.0,5400,40,0.0,0,1,45,0.700051852,10
2015-03-10,2,sewing,Tuesday,5,0.65,26.82,1001.0,7080,26,0.0,0,1,59,0.650044068,10
2015-03-10,2,sewing,Tuesday,7,0.6,30.48,1017.0,6840,25,0.0,0,1,57,0.630402924,10
2015-03-10,2,finishing,Tuesday,8,0.65,3.9,0.0,960,0,0.0,0,0,8,0.560625,10
2015-03-10,2,finishing,Tuesday,7,0.5,3.9,0.0,960,0,0.0,0,0,8,0.560625,10
2015-03-10,2,finishing,Tuesday,10,0.7,2.9,0.0,960,0,0.0,0,0,8,0.39875,10
2015-03-11,2,finishing,Wednesday,12,0.8,4.6,0.0,2160,0,0.0,0,0,9,0.922839506,11
2015-03-11,2,finishing,Wednesday,11,0.8,2.9,0.0,2400,0,0.0,0,0,10,0.874027778,11
2015-03-11,2,finishing,Wednesday,2,0.75,3.9,0.0,1920,0,0.0,0,0,8,0.819270833,11
2015-03-11,2,finishing,Wednesday,4,0.75,3.94,0.0,1920,0,0.0,0,0,8,0.813309028,11
2015-03-11,2,finishing,Wednesday,1,0.75,3.94,0.0,1920,0,0.0,0,0,8,0.812625,11
2015-03-11,2,sewing,Wednesday,12,0.8,15.26,470.0,4080,63,0.0,0,0,34,0.800401961,11
2015-03-11,2,sewing,Wednesday,3,0.8,30.1,735.0,6960,63,0.0,0,1,58,0.800071839,11
2015-03-11,2,sewing,Wednesday,11,0.8,11.41,560.0,3420,50,0.0,0,0,58,0.800034503,11
2015-03-11,2,finishing,Wednesday,3,0.8,4.6,0.0,1920,0,0.0,0,0,8,0.786631944,11
2015-03-11,2,finishing,Wednesday,5,0.7,3.94,0.0,1440,0,0.0,0,0,12,0.75885,11
2015-03-11,2,sewing,Wednesday,10,0.75,21.82,1674.0,6000,34,0.0,0,0,50,0.750608,11
2015-03-11,2,sewing,Wednesday,9,0.75,18.79,290.0,5040,45,0.0,0,0,52,0.750347333,11
2015-03-11,2,sewing,Wednesday,2,0.75,16.1,971.0,5400,45,0.0,0,1,45,0.750140741,11
2015-03-11,2,sewing,Wednesday,1,0.75,26.82,1322.0,7080,45,0.0,0,0,59,0.750050847,11
2015-03-11,2,sewing,Wednesday,4,0.75,26.82,1054.0,7080,45,0.0,0,0,59,0.750050847,11
2015-03-11,2,sewing,Wednesday,5,0.7,26.82,992.0,6960,30,0.0,0,1,58,0.700556897,11
2015-03-11,2,sewing,Wednesday,8,0.7,30.48,914.0,6840,30,0.0,0,1,57,0.700505263,11
2015-03-11,2,sewing,Wednesday,6,0.7,23.41,1128.0,4560,40,0.0,0,1,38,0.700246491,11
2015-03-11,2,sewing,Wednesday,7,0.65,30.48,935.0,6840,26,0.0,0,1,57,0.650596491,11
2015-03-11,2,finishing,Wednesday,10,0.75,2.9,0.0,960,0,0.0,0,0,8,0.628333333,11
2015-03-11,2,finishing,Wednesday,8,0.7,3.9,0.0,960,0,0.0,0,0,8,0.625625,11
2015-03-11,2,finishing,Wednesday,7,0.65,3.9,0.0,960,0,0.0,0,0,8,0.625625,11
2015-03-11,2,finishing,Wednesday,9,0.75,2.9,0.0,1800,0,0.0,0,0,15,0.505888889,11
2015-03-11,2,finishing,Wednesday,6,0.7,2.9,0.0,720,0,0.0,0,0,6,0.394722222,11
